# Blender 4.5.4 LTS
# www.blender.org
mtllib 無題.mtl
o Plane
v 0.072758 0.252797 -0.333059
v 0.072757 0.623061 -3.725154
v 0.072757 0.750019 -3.725154
v 0.072758 0.258655 -0.337339
v 0.058394 0.253936 -0.337358
v 0.072758 0.258655 -0.337339
v 0.072758 1.300210 -0.337522
v 0.072758 0.258655 -0.337339
v 0.072758 0.258655 -0.337339
v 0.058394 0.258665 -0.337359
v 0.072785 0.259861 -0.359759
v 0.072758 0.282572 -0.405172
v 0.072758 0.287543 -0.412320
v 0.072757 0.290817 -0.417025
v 0.072758 0.322951 -0.463216
v 0.072758 0.380998 -0.559113
v 0.072759 0.436521 -0.655010
v 0.072758 0.460462 -0.716854
v 0.072758 0.466806 -0.733244
v 0.072758 0.464578 -0.851207
v 0.072758 0.464280 -0.866997
v 0.072758 0.449136 -0.945233
v 0.072758 0.426419 -0.983089
v 0.072758 0.403703 -1.033565
v 0.072758 0.403702 -1.096543
v 0.072758 0.403702 -1.109278
v 0.072758 0.418985 -1.145576
v 0.072758 0.423893 -1.157231
v 0.072758 0.445968 -1.234495
v 0.072757 0.449131 -1.245563
v 0.072758 0.467279 -1.334044
v 0.072758 0.469320 -1.343994
v 0.072758 0.460077 -1.420242
v 0.072758 0.459224 -1.427279
v 0.072757 0.406217 -1.566098
v 0.072757 0.370879 -1.659480
v 0.072758 0.368352 -1.773059
v 0.072756 0.391766 -1.829255
v 0.072756 0.393591 -1.833637
v 0.072757 0.413782 -1.896737
v 0.072758 0.416306 -1.944695
v 0.072756 0.418829 -2.000223
v 0.072758 0.398634 -2.096136
v 0.072758 0.350675 -2.197101
v 0.072758 0.269900 -2.313214
v 0.072758 0.267373 -2.421752
v 0.072758 0.310280 -2.517671
v 0.072757 0.386002 -2.648929
v 0.072757 0.426387 -2.742329
v 0.072757 0.427198 -2.748953
v 0.072757 0.441531 -2.866021
v 0.072757 0.441318 -2.876021
v 0.072757 0.439004 -2.984666
v 0.072758 0.385993 -3.120984
v 0.072758 0.379359 -3.130050
v 0.072757 0.310262 -3.224483
v 0.072757 0.178996 -3.378477
v 0.072757 0.176514 -3.397086
v 0.072757 0.168896 -3.454213
v 0.072757 0.285010 -3.575392
v 0.072757 0.451614 -3.656178
v 0.072757 0.565209 -3.681422
v 0.072757 0.706572 -3.694044
v 0.072757 0.840362 -3.671323
v 0.072758 1.006967 -3.595587
v 0.072758 1.112987 -3.529949
v 0.072757 1.178615 -3.386053
v 0.072757 1.201330 -3.277499
v 0.072758 1.213870 -0.576777
v 0.072758 1.234058 -0.528827
v 0.072759 1.269973 -0.449821
v 0.072759 1.271913 -0.445552
v 0.072759 1.276583 -0.426873
v 0.072759 1.280221 -0.412320
v 0.072759 1.282217 -0.404336
v 0.072759 1.284531 -0.395079
v 0.072759 1.289031 -0.372575
v 0.072759 1.292101 -0.357225
v 0.058410 0.265132 -0.359746
v 0.072758 0.244716 -0.357225
v 0.072758 0.239703 -0.337429
v 0.072758 0.445653 -0.930389
v 0.072758 0.422645 -0.968734
v 0.072758 0.399636 -1.019864
v 0.072758 0.414625 -1.135219
v 0.072758 0.414625 -1.135219
v 0.072758 0.443162 -1.224674
v 0.072758 0.443162 -1.224674
v 0.072758 0.465472 -1.325233
v 0.072758 0.465472 -1.325233
v 0.072758 0.456829 -1.411551
v 0.072758 0.455871 -1.418654
v 0.072758 0.402182 -1.559258
v 0.072758 0.366387 -1.653847
v 0.072758 0.363828 -1.768889
v 0.072758 0.264106 -2.316008
v 0.072757 0.434659 -2.995840
v 0.072757 0.430842 -3.005656
v 0.072757 0.381696 -3.134198
v 0.072757 0.374862 -3.143538
v 0.072757 0.304989 -3.239036
v 0.072757 0.177674 -3.388391
v 0.072757 0.172029 -3.395014
v 0.072757 0.170870 -3.403707
v 0.072757 0.161799 -3.471725
v 0.072757 0.279412 -3.594466
v 0.072757 0.448164 -3.676294
v 0.072757 0.563224 -3.701866
v 0.072757 0.706410 -3.714651
v 0.072758 0.841925 -3.691636
v 0.072757 1.010679 -3.614923
v 0.072757 1.118066 -3.548438
v 0.072757 1.184541 -3.402684
v 0.072757 1.207549 -3.292734
v 0.072758 1.220230 -0.561671
v 0.072758 1.228984 -0.540878
v 0.072758 1.221841 -0.557844
v 0.072758 1.242813 -0.509568
v 0.072759 1.282217 -0.404336
v 0.058410 0.269850 -0.359734
v 0.072759 0.276942 -0.383368
v 0.072757 0.307414 -0.427171
v 0.072758 0.317843 -0.442159
v 0.072757 0.321905 -0.448871
v 0.072758 0.376638 -0.539291
v 0.072758 0.432877 -0.636427
v 0.072758 0.276966 -0.371105
v 0.072759 0.280321 -0.375929
v 0.072757 0.313245 -0.423261
v 0.072757 0.372718 -0.521522
v 0.072758 0.429603 -0.619788
v 0.072758 0.460633 -0.699949
v 0.072758 0.458049 -0.836997
v 0.072758 0.442537 -0.917158
v 0.072758 0.419267 -0.955944
v 0.072758 0.395998 -1.007657
v 0.072758 0.395999 -1.085231
v 0.072758 0.464459 -1.335352
v 0.072758 0.453859 -1.418777
v 0.072757 0.398594 -1.553234
v 0.072757 0.362400 -1.648900
v 0.072757 0.359817 -1.765250
v 0.072757 0.385673 -1.827301
v 0.072756 0.390849 -2.096186
v 0.072758 0.341729 -2.199604
v 0.072758 0.259000 -2.318527
v 0.072757 0.256418 -2.429695
v 0.072758 0.300371 -2.527935
v 0.072758 0.377934 -2.662368
v 0.072757 0.419301 -2.758022
v 0.072757 0.434815 -2.884693
v 0.072757 0.300390 -3.251776
v 0.072757 0.165964 -3.409464
v 0.072757 0.155626 -3.487010
v 0.072758 0.274548 -3.611089
v 0.072757 0.445170 -3.693805
v 0.072757 0.561501 -3.719653
v 0.072757 0.843282 -3.709313
v 0.072757 1.013903 -3.631768
v 0.072757 1.122481 -3.564557
v 0.072757 1.189699 -3.417216
v 0.072758 1.212970 -3.306065
v 0.072759 1.246669 -0.490493
v 0.072759 1.265390 -0.450679
v 0.072759 1.291958 -0.376215
v 0.072759 1.293970 -0.371106
v 0.072759 1.297277 -0.357878
v 0.072759 1.298387 -0.353439
v 0.072757 0.387059 -1.831632
v 0.005543 1.348815 -0.167848
v 0.005536 0.217410 -0.148414
v 0.004269 1.295373 3.343120
v 0.004144 1.193346 3.688069
v 0.004100 1.173912 3.809528
v 0.004040 1.139903 3.974715
v 0.003945 1.086461 4.237070
v 0.003858 1.047593 4.475133
v 0.003734 0.994151 4.820080
v 0.003621 0.974717 5.131020
v 0.003467 0.989292 5.553703
v 0.003382 1.013584 5.786905
v 0.003393 0.969859 5.757755
v 0.003421 0.896982 5.680021
v 0.003458 0.804672 5.577995
v 0.003477 0.753399 5.524157
v 0.003528 0.655981 5.385720
v 0.003572 0.579071 5.265230
v 0.003600 0.545744 5.185756
v 0.003628 0.509853 5.108847
v 0.003683 0.443198 4.957591
v 0.003755 0.356034 4.760189
v 0.003783 0.320142 4.680716
v 0.003833 0.312452 4.544844
v 0.003889 0.294506 4.388461
v 0.003916 0.284251 4.316679
v 0.003916 0.284251 4.316679
v 0.005549 1.348815 -0.183229
v 0.010746 1.808164 -0.205622
v 0.005601 1.805883 -0.327653
v 0.005605 1.294979 -0.339612
v 0.005605 0.228500 -0.339612
v 0.005602 -0.119334 -0.337004
v 0.005885 -0.218976 -0.327554
v 0.006496 -0.232684 -0.192377
v 0.006169 0.192623 -0.162733
v 0.005535 0.213118 -0.144775
v 0.005606 0.243882 -0.342176
v 0.005623 0.266955 -0.388321
v 0.005644 0.307973 -0.447286
v 0.005680 0.366937 -0.544704
v 0.005715 0.423338 -0.642123
v 0.005744 0.454101 -0.721596
v 0.005793 0.451538 -0.857470
v 0.005822 0.436156 -0.936942
v 0.005836 0.413083 -0.975397
v 0.005855 0.390010 -1.026670
v 0.005882 0.390010 -1.103580
v 0.005900 0.410519 -1.152289
v 0.005933 0.436156 -1.242017
v 0.005969 0.456665 -1.341999
v 0.006000 0.446410 -1.426600
v 0.006051 0.392574 -1.567600
v 0.006085 0.356683 -1.662455
v 0.006127 0.354119 -1.777820
v 0.006149 0.379756 -1.839347
v 0.006173 0.400265 -1.903438
v 0.006190 0.402828 -1.952148
v 0.006211 0.405392 -2.008548
v 0.006246 0.384883 -2.105967
v 0.006283 0.336174 -2.208513
v 0.006326 0.254137 -2.326441
v 0.006366 0.251573 -2.436677
v 0.006402 0.295155 -2.534096
v 0.006450 0.372065 -2.667406
v 0.006484 0.413083 -2.762261
v 0.006530 0.428465 -2.887880
v 0.006574 0.425901 -3.008372
v 0.006624 0.372065 -3.146809
v 0.006662 0.295155 -3.251919
v 0.006719 0.161845 -3.408301
v 0.006747 0.151591 -3.485210
v 0.006791 0.269519 -3.608266
v 0.006821 0.438719 -3.690303
v 0.006830 0.554084 -3.715940
v 0.006835 0.697648 -3.728758
v 0.006827 0.833522 -3.705685
v 0.006799 1.002723 -3.628776
v 0.006775 1.110396 -3.562121
v 0.006722 1.177051 -3.415992
v 0.006682 1.200124 -3.305755
v 0.006682 1.200124 -3.305755
v 0.005686 1.212942 -0.562650
v 0.005669 1.233451 -0.513940
v 0.005638 1.271906 -0.429340
v 0.005619 1.284724 -0.378067
v 0.005605 1.292415 -0.339613
v 0.005605 1.294979 -0.339612
v 0.005605 0.228500 -0.339612
v 0.005606 0.243882 -0.342176
v 0.005623 0.266955 -0.388321
v 0.005644 0.307973 -0.447286
v 0.005680 0.366937 -0.544704
v 0.005715 0.423338 -0.642123
v 0.005744 0.454101 -0.721596
v 0.005793 0.451538 -0.857470
v 0.005822 0.436156 -0.936942
v 0.005836 0.413083 -0.975397
v 0.005855 0.390010 -1.026670
v 0.005882 0.390010 -1.103580
v 0.005900 0.410519 -1.152289
v 0.005933 0.436156 -1.242017
v 0.005969 0.456665 -1.341999
v 0.006000 0.446410 -1.426600
v 0.006051 0.392574 -1.567600
v 0.006085 0.356683 -1.662455
v 0.006127 0.354119 -1.777820
v 0.006149 0.379756 -1.839347
v 0.006173 0.400265 -1.903438
v 0.006190 0.402828 -1.952148
v 0.006211 0.405392 -2.008548
v 0.006246 0.384883 -2.105967
v 0.006283 0.336174 -2.208513
v 0.006326 0.254137 -2.326441
v 0.006366 0.251573 -2.436677
v 0.006402 0.295155 -2.534096
v 0.006450 0.372065 -2.667406
v 0.006484 0.413083 -2.762261
v 0.006530 0.428465 -2.887880
v 0.006574 0.425901 -3.008372
v 0.006624 0.372065 -3.146809
v 0.006662 0.295155 -3.251919
v 0.006719 0.161845 -3.408301
v 0.006747 0.151591 -3.485210
v 0.006791 0.269519 -3.608266
v 0.006821 0.438719 -3.690303
v 0.006830 0.554084 -3.715940
v 0.006835 0.697648 -3.728758
v 0.006827 0.833522 -3.705685
v 0.006799 1.002723 -3.628776
v 0.006775 1.110396 -3.562121
v 0.006722 1.177051 -3.415992
v 0.006682 1.200124 -3.305755
v 0.006682 1.200124 -3.305755
v 0.005686 1.212942 -0.562650
v 0.005669 1.233451 -0.513940
v 0.005638 1.271906 -0.429340
v 0.005619 1.284724 -0.378067
v 0.005605 1.292415 -0.339613
v -0.070347 1.294979 -0.339640
v -0.070347 0.228500 -0.339640
v -0.070346 0.243882 -0.342204
v -0.070329 0.266955 -0.388349
v -0.070308 0.307973 -0.447313
v -0.070273 0.366937 -0.544732
v -0.070237 0.423338 -0.642150
v -0.070208 0.454101 -0.721624
v -0.070159 0.451538 -0.857497
v -0.070130 0.436156 -0.936970
v -0.070116 0.413083 -0.975425
v -0.070098 0.390010 -1.026698
v -0.070070 0.390010 -1.103607
v -0.070052 0.410519 -1.152317
v -0.070019 0.436156 -1.242044
v -0.069983 0.456665 -1.342027
v -0.069952 0.446410 -1.426627
v -0.069901 0.392574 -1.567628
v -0.069867 0.356683 -1.662483
v -0.069825 0.354119 -1.777847
v -0.069803 0.379756 -1.839375
v -0.069779 0.400265 -1.903466
v -0.069762 0.402828 -1.952175
v -0.069741 0.405392 -2.008575
v -0.069706 0.384883 -2.105994
v -0.069669 0.336174 -2.208540
v -0.069626 0.254137 -2.326468
v -0.069586 0.251573 -2.436705
v -0.069551 0.295155 -2.534123
v -0.069502 0.372065 -2.667434
v -0.069468 0.413083 -2.762289
v -0.069422 0.428465 -2.887907
v -0.069379 0.425901 -3.008399
v -0.069328 0.372065 -3.146836
v -0.069290 0.295155 -3.251946
v -0.069233 0.161845 -3.408329
v -0.069206 0.151591 -3.485238
v -0.069161 0.269519 -3.608293
v -0.069131 0.438719 -3.690330
v -0.069122 0.554084 -3.715967
v -0.069117 0.697648 -3.728785
v -0.069125 0.833522 -3.705712
v -0.069153 1.002723 -3.628803
v -0.069177 1.110396 -3.562148
v -0.069231 1.177051 -3.416020
v -0.069270 1.200124 -3.305783
v -0.069270 1.200124 -3.305783
v -0.070266 1.212942 -0.562678
v -0.070284 1.233451 -0.513968
v -0.070314 1.271906 -0.429368
v -0.070333 1.284724 -0.378095
v -0.070347 1.292415 -0.339640
v -0.029293 1.271906 -0.429353
v 0.005647 0.312048 -0.454018
v 0.005647 1.260689 -0.454017
v -0.070325 0.275330 -0.400389
v 0.005647 0.312048 -0.454018
v -0.003885 0.307973 -0.447289
v 0.005647 1.260689 -0.454017
v -0.000393 1.271906 -0.429343
v 0.005639 1.270582 -0.432252
v -0.070327 0.272005 -0.395608
v 0.005639 0.297515 -0.432252
v 0.005639 1.270582 -0.432252
v -0.070327 1.280346 -0.395608
v 0.005639 0.297515 -0.432252
v 0.018776 1.348815 -0.167848
v 0.005536 0.217410 -0.148414
v 0.004269 1.295373 3.343120
v 0.004144 1.193346 3.688069
v 0.004100 1.173912 3.809528
v 0.004040 1.139903 3.974715
v 0.003945 1.086461 4.237070
v 0.003858 1.047593 4.475133
v 0.003734 0.994151 4.820080
v 0.003621 0.974717 5.131020
v 0.003467 0.989292 5.553703
v 0.003382 1.013584 5.786905
v 0.003393 0.969859 5.757755
v 0.003421 0.896982 5.680021
v 0.003458 0.804672 5.577995
v 0.003477 0.753399 5.524157
v 0.003528 0.655981 5.385720
v 0.003572 0.579071 5.265230
v 0.003600 0.545744 5.185756
v 0.003628 0.509853 5.108847
v 0.003683 0.443198 4.957591
v 0.003755 0.356034 4.760189
v 0.003783 0.320142 4.680716
v 0.003833 0.312452 4.544844
v 0.003889 0.294506 4.388461
v 0.003916 0.284251 4.316679
v 0.013854 1.382824 1.958474
v 0.024130 1.348815 -0.167845
v 0.014618 0.217410 -0.148410
v 0.013896 0.228822 1.841872
v 0.013419 1.387683 3.158504
v 0.013389 1.353674 3.241097
v 0.013352 1.295373 3.343123
v 0.013227 1.193346 3.688072
v 0.013182 1.173912 3.809531
v 0.013122 1.139903 3.974718
v 0.013027 1.086461 4.237073
v 0.012941 1.047593 4.475136
v 0.012816 0.994151 4.820083
v 0.012703 0.974717 5.131022
v 0.012550 0.989292 5.553706
v 0.012465 1.013584 5.786908
v 0.012475 0.969859 5.757758
v 0.012504 0.896982 5.680024
v 0.012541 0.804672 5.577998
v 0.012560 0.753399 5.524159
v 0.012610 0.655981 5.385723
v 0.012654 0.579071 5.265233
v 0.012684 0.545744 5.185759
v 0.012711 0.509853 5.108850
v 0.012766 0.443198 4.957594
v 0.012837 0.356034 4.760192
v 0.012866 0.320142 4.680718
v 0.012916 0.312452 4.544847
v 0.012972 0.294506 4.388464
v 0.012998 0.284251 4.316682
v 0.013896 0.228557 1.842759
v 0.005539 0.781215 -0.158131
v 0.004288 1.324523 3.292107
v 0.004206 1.244359 3.515594
v 0.004122 1.183629 3.748799
v 0.004070 1.156908 3.892121
v 0.003992 1.113182 4.105892
v 0.003901 1.067027 4.356101
v 0.003796 1.020872 4.647606
v 0.003677 0.984434 4.975550
v 0.003544 0.982005 5.342361
v 0.003424 1.001438 5.670304
v 0.003387 0.991722 5.772330
v 0.003407 0.933420 5.718888
v 0.003439 0.850827 5.629008
v 0.003469 0.779036 5.551076
v 0.003503 0.704690 5.454939
v 0.003549 0.617526 5.325476
v 0.003586 0.562407 5.225492
v 0.003614 0.527798 5.147301
v 0.003657 0.476525 5.033218
v 0.003719 0.399616 4.858890
v 0.003769 0.338088 4.720452
v 0.003808 0.316297 4.612780
v 0.003861 0.303479 4.466652
v 0.003903 0.289379 4.352570
v 0.003916 0.284251 4.316679
v 0.003393 0.969859 5.757755
v 0.003903 0.289379 4.352570
v 0.018549 1.365820 0.895312
v 0.005539 0.781215 -0.158131
v 0.004288 1.324523 3.292107
v 0.004206 1.244359 3.515594
v 0.004122 1.183629 3.748799
v 0.004070 1.156908 3.892121
v 0.003992 1.113182 4.105892
v 0.003901 1.067027 4.356101
v 0.003796 1.020872 4.647606
v 0.003677 0.984434 4.975550
v 0.003544 0.982005 5.342361
v 0.003424 1.001438 5.670304
v 0.003387 0.991722 5.772330
v 0.003407 0.933420 5.718888
v 0.003439 0.850827 5.629008
v 0.003469 0.779036 5.551076
v 0.003503 0.704690 5.454939
v 0.003549 0.617526 5.325476
v 0.003586 0.562407 5.225492
v 0.003614 0.527798 5.147301
v 0.003657 0.476525 5.033218
v 0.003719 0.399616 4.858890
v 0.003769 0.338088 4.720452
v 0.003808 0.316297 4.612780
v 0.003861 0.303479 4.466652
v 0.008296 0.356034 4.760191
v 0.003903 0.289379 4.352570
v 0.003382 1.013584 5.786905
v 0.003421 0.896982 5.680021
v 0.003916 0.284251 4.316679
v 0.003458 0.804672 5.577995
v 0.003477 0.753399 5.524157
v 0.004269 1.295373 3.343120
v 0.003528 0.655981 5.385720
v 0.004144 1.193346 3.688069
v 0.003889 0.294506 4.388461
v 0.003572 0.579071 5.265230
v 0.004100 1.173912 3.809528
v 0.003600 0.545744 5.185756
v 0.004040 1.139903 3.974715
v 0.003628 0.509853 5.108847
v 0.003945 1.086461 4.237070
v 0.003683 0.443198 4.957591
v 0.003858 1.047593 4.475133
v 0.003755 0.356034 4.760189
v 0.003734 0.994151 4.820080
v 0.003783 0.320142 4.680716
v 0.003621 0.974717 5.131020
v 0.003833 0.312452 4.544844
v 0.003467 0.989292 5.553703
v 0.023903 1.365820 0.895315
v 0.014622 0.781215 -0.158128
v 0.014257 0.223116 0.846731
v 0.013875 0.805507 1.900173
v 0.013636 1.385253 2.558490
v 0.013404 1.370678 3.199801
v 0.013370 1.324523 3.292110
v 0.013289 1.244359 3.515598
v 0.013204 1.183629 3.748802
v 0.013153 1.156908 3.892125
v 0.013075 1.113182 4.105896
v 0.012984 1.067027 4.356105
v 0.012878 1.020872 4.647610
v 0.012759 0.984434 4.975553
v 0.012626 0.982005 5.342364
v 0.012507 1.001438 5.670307
v 0.012470 0.991722 5.772333
v 0.012491 0.933420 5.718891
v 0.012522 0.850827 5.629011
v 0.012550 0.779036 5.551079
v 0.012585 0.704690 5.454941
v 0.012632 0.617526 5.325478
v 0.012669 0.562407 5.225496
v 0.012697 0.527798 5.147305
v 0.012738 0.476525 5.033222
v 0.012802 0.399616 4.858893
v 0.012852 0.338088 4.720455
v 0.012891 0.316297 4.612782
v 0.012944 0.303479 4.466656
v 0.013447 0.250636 3.079721
v 0.013875 0.805338 1.900617
v 0.013013 0.685356 4.276877
v 0.012985 0.289379 4.352573
v 0.008224 0.443198 4.957593
v 0.008274 0.994151 4.820082
v 0.008400 1.047593 4.475135
v 0.008325 0.320142 4.680717
v 0.008161 0.974717 5.131021
v 0.020998 1.382824 1.958473
v 0.008374 0.312452 4.544846
v 0.008008 0.989292 5.553705
v 0.008431 0.294506 4.388463
v 0.007924 1.013584 5.786907
v 0.009355 0.228822 1.841871
v 0.009355 0.228557 1.842758
v 0.008457 0.284251 4.316681
v 0.007934 0.969859 5.757757
v 0.007962 0.896982 5.680023
v 0.008877 1.387683 3.158502
v 0.007999 0.804672 5.577997
v 0.008847 1.353674 3.241095
v 0.008019 0.753399 5.524158
v 0.008810 1.295373 3.343121
v 0.008070 0.655981 5.385721
v 0.008685 1.193346 3.688071
v 0.008114 0.579071 5.265232
v 0.008641 1.173912 3.809530
v 0.008142 0.545744 5.185757
v 0.008581 1.139903 3.974716
v 0.008169 0.509853 5.108849
v 0.008486 1.086461 4.237072
v 0.008443 1.067027 4.356103
v 0.008197 0.476525 5.033220
v 0.008533 1.113182 4.105894
v 0.008155 0.527798 5.147303
v 0.008611 1.156908 3.892123
v 0.008127 0.562407 5.225494
v 0.008663 1.183629 3.748800
v 0.008091 0.617526 5.325477
v 0.008748 1.244359 3.515596
v 0.008044 0.704690 5.454940
v 0.008829 1.324523 3.292108
v 0.008009 0.779036 5.551077
v 0.008444 0.289379 4.352571
v 0.008862 1.370678 3.199799
v 0.007981 0.850827 5.629009
v 0.009095 1.385253 2.558488
v 0.007948 0.933420 5.718889
v 0.009334 0.805338 1.900615
v 0.009334 0.805507 1.900172
v 0.007929 0.991722 5.772331
v 0.008906 0.250636 3.079719
v 0.007966 1.001438 5.670305
v 0.008402 0.303479 4.466654
v 0.008085 0.982005 5.342363
v 0.008349 0.316297 4.612782
v 0.008218 0.984434 4.975552
v 0.014249 0.793361 0.871023
v 0.003424 1.001438 5.670304
v 0.003861 0.303479 4.466652
v 0.003544 0.982005 5.342361
v 0.003808 0.316297 4.612780
v 0.003677 0.984434 4.975550
v 0.003769 0.338088 4.720452
v 0.003796 1.020872 4.647606
v 0.003719 0.399616 4.858890
v 0.003901 1.067027 4.356101
v 0.003657 0.476525 5.033218
v 0.003992 1.113182 4.105892
v 0.003614 0.527798 5.147301
v 0.004070 1.156908 3.892121
v 0.003586 0.562407 5.225492
v 0.004122 1.183629 3.748799
v 0.003549 0.617526 5.325476
v 0.003903 0.289379 4.352570
v 0.004206 1.244359 3.515594
v 0.003503 0.704690 5.454939
v 0.004288 1.324523 3.292107
v 0.003469 0.779036 5.551076
v 0.003439 0.850827 5.629008
v 0.008260 0.399616 4.858891
v 0.008337 1.020872 4.647608
v 0.008310 0.338088 4.720454
v 0.003387 0.991722 5.772330
v 0.003407 0.933420 5.718888
v 0.013528 1.386468 2.858497
v 0.013396 1.362176 3.220449
v 0.013361 1.309948 3.317617
v 0.013258 1.218853 3.601835
v 0.013194 1.178771 3.779167
v 0.013137 1.148406 3.933421
v 0.013051 1.099821 4.171485
v 0.013672 0.239596 2.461240
v 0.013886 0.516594 1.871688
v 0.013006 0.484804 4.296780
v 0.013745 1.384039 2.258482
v 0.013411 1.379180 3.179152
v 0.013379 1.339098 3.266604
v 0.013320 1.269866 3.429361
v 0.013215 1.188488 3.718437
v 0.013167 1.165410 3.850828
v 0.013099 1.126543 4.040307
v 0.013223 0.270151 3.698201
v 0.013865 1.094081 1.929546
v 0.013020 0.885908 4.256975
v 0.012962 1.057310 4.415621
v 0.012847 1.007511 4.733847
v 0.012731 0.979576 5.053288
v 0.012589 0.985649 5.448035
v 0.012486 1.007511 5.728607
v 0.012473 0.980790 5.765045
v 0.012497 0.915201 5.699457
v 0.012531 0.827750 5.603504
v 0.012555 0.766218 5.537619
v 0.012599 0.680335 5.420332
v 0.012643 0.598299 5.295355
v 0.012676 0.554076 5.205627
v 0.012704 0.518825 5.128077
v 0.012752 0.459861 4.995408
v 0.012819 0.377825 4.809543
v 0.012859 0.329115 4.700587
v 0.012903 0.314374 4.578815
v 0.012958 0.298992 4.427560
v 0.013002 0.384528 4.306731
v 0.012992 0.286815 4.334628
v 0.013006 1.076744 4.296589
v 0.012910 1.034233 4.561373
v 0.012787 0.989292 4.897818
v 0.012666 0.978361 5.236693
v 0.012528 0.995365 5.612007
v 0.012468 1.002653 5.779621
v 0.012483 0.951640 5.738325
v 0.012513 0.873905 5.654518
v 0.012545 0.791854 5.564539
v 0.012573 0.729045 5.489550
v 0.012621 0.636753 5.355600
v 0.012661 0.570739 5.245365
v 0.012690 0.536771 5.166532
v 0.012725 0.493189 5.071035
v 0.012784 0.421407 4.908244
v 0.012845 0.347061 4.740324
v 0.012878 0.318220 4.646750
v 0.012930 0.307965 4.505752
v 0.013016 0.785632 4.266927
v 0.012979 0.291942 4.370519
v 0.013009 0.585080 4.286829
v 0.013024 0.986185 4.247025
v -0.067843 0.252797 -0.333059
v -0.067844 0.623061 -3.725154
v -0.067844 0.750019 -3.725154
v -0.067844 0.258655 -0.337339
v -0.067844 0.253936 -0.337358
v -0.067844 0.258655 -0.337339
v -0.067843 1.300210 -0.337522
v -0.067844 0.258655 -0.337339
v -0.067844 0.258655 -0.337339
v -0.067844 0.258665 -0.337359
v -0.067817 0.259861 -0.359759
v -0.067844 0.282572 -0.405172
v -0.067843 0.287543 -0.412320
v -0.067845 0.290817 -0.417025
v -0.067843 0.322951 -0.463216
v -0.067843 0.380998 -0.559113
v -0.067843 0.436521 -0.655010
v -0.067843 0.460462 -0.716854
v -0.067843 0.466806 -0.733244
v -0.067843 0.464578 -0.851207
v -0.067843 0.464280 -0.866997
v -0.067844 0.449136 -0.945233
v -0.067844 0.426419 -0.983089
v -0.067843 0.403703 -1.033565
v -0.067843 0.403702 -1.096543
v -0.067843 0.403702 -1.109278
v -0.067843 0.418985 -1.145576
v -0.067844 0.423893 -1.157231
v -0.067844 0.445968 -1.234495
v -0.067844 0.449131 -1.245563
v -0.067844 0.467279 -1.334044
v -0.067844 0.469320 -1.343994
v -0.067844 0.460077 -1.420242
v -0.067844 0.459224 -1.427279
v -0.067844 0.406217 -1.566098
v -0.067844 0.370879 -1.659480
v -0.067844 0.368352 -1.773059
v -0.067845 0.391766 -1.829255
v -0.067845 0.393591 -1.833637
v -0.067845 0.413782 -1.896737
v -0.067844 0.416306 -1.944695
v -0.067845 0.418829 -2.000223
v -0.067843 0.398634 -2.096136
v -0.067844 0.350675 -2.197101
v -0.067844 0.269900 -2.313214
v -0.067844 0.267373 -2.421752
v -0.067844 0.310280 -2.517671
v -0.067844 0.386002 -2.648929
v -0.067844 0.426387 -2.742329
v -0.067844 0.427198 -2.748953
v -0.067844 0.441531 -2.866021
v -0.067844 0.441318 -2.876021
v -0.067844 0.439004 -2.984666
v -0.067844 0.385993 -3.120984
v -0.067844 0.379359 -3.130050
v -0.067844 0.310262 -3.224483
v -0.067844 0.178996 -3.378477
v -0.067844 0.176514 -3.397086
v -0.067844 0.168896 -3.454213
v -0.067845 0.285010 -3.575392
v -0.067844 0.451614 -3.656178
v -0.067844 0.565209 -3.681422
v -0.067844 0.706572 -3.694044
v -0.067844 0.840362 -3.671323
v -0.067844 1.006967 -3.595587
v -0.067844 1.112987 -3.529949
v -0.067845 1.178615 -3.386053
v -0.067844 1.201330 -3.277499
v -0.067844 1.213870 -0.576777
v -0.067844 1.234058 -0.528827
v -0.067843 1.269973 -0.449821
v -0.067843 1.271913 -0.445552
v -0.067843 1.276583 -0.426873
v -0.067843 1.280221 -0.412320
v -0.067843 1.282217 -0.404336
v -0.067843 1.284531 -0.395079
v -0.067843 1.289031 -0.372575
v -0.067842 1.292101 -0.357225
v -0.067817 0.265132 -0.359746
v -0.067843 0.244716 -0.357225
v -0.067843 0.239703 -0.337429
v -0.067844 0.445653 -0.930389
v -0.067844 0.422645 -0.968734
v -0.067843 0.399636 -1.019864
v -0.067843 0.414625 -1.135219
v -0.067843 0.414625 -1.135219
v -0.067844 0.443162 -1.224674
v -0.067844 0.443162 -1.224674
v -0.067844 0.465472 -1.325233
v -0.067844 0.465472 -1.325233
v -0.067843 0.456829 -1.411551
v -0.067843 0.455871 -1.418654
v -0.067844 0.402182 -1.559258
v -0.067843 0.366387 -1.653847
v -0.067844 0.363828 -1.768889
v -0.067844 0.264106 -2.316008
v -0.067844 0.434659 -2.995840
v -0.067844 0.430842 -3.005656
v -0.067844 0.381696 -3.134198
v -0.067844 0.374862 -3.143538
v -0.067844 0.304989 -3.239036
v -0.067844 0.177674 -3.388391
v -0.067845 0.172029 -3.395014
v -0.067845 0.170870 -3.403707
v -0.067844 0.161799 -3.471725
v -0.067845 0.279412 -3.594466
v -0.067845 0.448164 -3.676294
v -0.067844 0.563224 -3.701866
v -0.067844 0.706410 -3.714651
v -0.067844 0.841925 -3.691636
v -0.067844 1.010679 -3.614923
v -0.067845 1.118066 -3.548438
v -0.067844 1.184541 -3.402684
v -0.067844 1.207549 -3.292734
v -0.067844 1.220230 -0.561671
v -0.067844 1.228984 -0.540878
v -0.067844 1.221841 -0.557844
v -0.067844 1.242813 -0.509568
v -0.067843 1.282217 -0.404336
v -0.067817 0.269850 -0.359734
v -0.067843 0.276942 -0.383368
v -0.067844 0.307414 -0.427171
v -0.067844 0.317843 -0.442159
v -0.067844 0.321905 -0.448871
v -0.067844 0.376638 -0.539291
v -0.067843 0.432877 -0.636427
v -0.067843 0.276966 -0.371105
v -0.067843 0.280321 -0.375929
v -0.067844 0.313245 -0.423261
v -0.067844 0.372718 -0.521522
v -0.067843 0.429603 -0.619788
v -0.067843 0.460633 -0.699949
v -0.067844 0.458049 -0.836997
v -0.067843 0.442537 -0.917158
v -0.067844 0.419267 -0.955944
v -0.067843 0.395998 -1.007657
v -0.067843 0.395999 -1.085231
v -0.067844 0.464459 -1.335352
v -0.067843 0.453859 -1.418777
v -0.067844 0.398594 -1.553234
v -0.067844 0.362400 -1.648900
v -0.067845 0.359817 -1.765250
v -0.067844 0.385673 -1.827301
v -0.067846 0.390849 -2.096186
v -0.067844 0.341729 -2.199604
v -0.067844 0.259000 -2.318527
v -0.067844 0.256418 -2.429695
v -0.067844 0.300371 -2.527935
v -0.067844 0.377934 -2.662368
v -0.067844 0.419301 -2.758022
v -0.067844 0.434815 -2.884693
v -0.067844 0.300390 -3.251776
v -0.067844 0.165964 -3.409464
v -0.067845 0.155626 -3.487010
v -0.067844 0.274548 -3.611089
v -0.067845 0.445170 -3.693805
v -0.067844 0.561501 -3.719653
v -0.067845 0.843282 -3.709313
v -0.067844 1.013903 -3.631768
v -0.067844 1.122481 -3.564557
v -0.067845 1.189699 -3.417216
v -0.067844 1.212970 -3.306065
v -0.067843 1.246669 -0.490493
v -0.067843 1.265390 -0.450679
v -0.067842 1.291958 -0.376215
v -0.067842 1.293970 -0.371106
v -0.067843 1.297277 -0.357878
v -0.067843 1.298387 -0.353439
v -0.067844 0.387059 -1.831632
v 0.008174 1.816897 -0.262774
v 0.006887 1.816971 -0.295643
v 0.009460 1.816823 -0.229905
v 0.004271 -0.235159 -0.203712
v 0.005347 -0.238034 -0.291104
v -0.063174 0.252797 -0.333059
v -0.063175 0.623061 -3.725154
v -0.063175 0.750019 -3.725154
v -0.063174 0.258655 -0.337339
v -0.048810 0.253936 -0.337358
v -0.063174 0.258655 -0.337339
v -0.063174 1.300210 -0.337522
v -0.063174 0.258655 -0.337339
v -0.063174 0.258655 -0.337339
v -0.048810 0.258665 -0.337359
v -0.063201 0.259861 -0.359759
v -0.063174 0.282572 -0.405172
v -0.063174 0.287543 -0.412320
v -0.063173 0.290817 -0.417025
v -0.063174 0.322951 -0.463216
v -0.063174 0.380998 -0.559113
v -0.063175 0.436521 -0.655010
v -0.063174 0.460462 -0.716854
v -0.063174 0.466806 -0.733244
v -0.063174 0.464578 -0.851207
v -0.063174 0.464280 -0.866997
v -0.063174 0.449136 -0.945233
v -0.063174 0.426419 -0.983089
v -0.063175 0.403703 -1.033565
v -0.063175 0.403702 -1.096543
v -0.063175 0.403702 -1.109278
v -0.063174 0.418985 -1.145576
v -0.063174 0.423893 -1.157231
v -0.063174 0.445968 -1.234495
v -0.063174 0.449131 -1.245563
v -0.063174 0.467279 -1.334044
v -0.063174 0.469320 -1.343994
v -0.063174 0.460077 -1.420242
v -0.063174 0.459224 -1.427279
v -0.063174 0.406217 -1.566098
v -0.063174 0.370879 -1.659480
v -0.063175 0.368352 -1.773059
v -0.063173 0.391766 -1.829255
v -0.063173 0.393591 -1.833637
v -0.063174 0.413782 -1.896737
v -0.063175 0.416306 -1.944695
v -0.063173 0.418829 -2.000223
v -0.063175 0.398634 -2.096136
v -0.063175 0.350675 -2.197101
v -0.063175 0.269900 -2.313214
v -0.063175 0.267373 -2.421752
v -0.063175 0.310280 -2.517671
v -0.063175 0.386002 -2.648929
v -0.063174 0.426387 -2.742329
v -0.063174 0.427198 -2.748953
v -0.063175 0.441531 -2.866021
v -0.063175 0.441318 -2.876021
v -0.063175 0.439004 -2.984666
v -0.063175 0.385993 -3.120984
v -0.063175 0.379359 -3.130050
v -0.063175 0.310262 -3.224483
v -0.063175 0.178996 -3.378477
v -0.063175 0.176514 -3.397086
v -0.063175 0.168896 -3.454213
v -0.063175 0.285010 -3.575392
v -0.063175 0.451614 -3.656178
v -0.063175 0.565209 -3.681422
v -0.063175 0.706572 -3.694044
v -0.063175 0.840362 -3.671323
v -0.063176 1.006967 -3.595587
v -0.063176 1.112987 -3.529949
v -0.063175 1.178615 -3.386053
v -0.063175 1.201330 -3.277499
v -0.063174 1.213870 -0.576777
v -0.063174 1.234058 -0.528827
v -0.063174 1.269973 -0.449821
v -0.063174 1.271913 -0.445552
v -0.063174 1.276583 -0.426873
v -0.063174 1.280221 -0.412320
v -0.063174 1.282217 -0.404336
v -0.063174 1.284531 -0.395079
v -0.063175 1.289031 -0.372575
v -0.063175 1.292101 -0.357225
v -0.048826 0.265132 -0.359746
v -0.063174 0.244716 -0.357225
v -0.063174 0.239703 -0.337429
v -0.063174 0.445653 -0.930389
v -0.063174 0.422645 -0.968734
v -0.063175 0.399636 -1.019864
v -0.063175 0.414625 -1.135219
v -0.063175 0.414625 -1.135219
v -0.063174 0.443162 -1.224674
v -0.063174 0.443162 -1.224674
v -0.063174 0.465472 -1.325233
v -0.063174 0.465472 -1.325233
v -0.063175 0.456829 -1.411551
v -0.063175 0.455871 -1.418654
v -0.063175 0.402182 -1.559258
v -0.063175 0.366387 -1.653847
v -0.063175 0.363828 -1.768889
v -0.063175 0.264106 -2.316008
v -0.063175 0.434659 -2.995840
v -0.063175 0.430842 -3.005656
v -0.063175 0.381696 -3.134198
v -0.063175 0.374862 -3.143538
v -0.063175 0.304989 -3.239036
v -0.063175 0.177674 -3.388391
v -0.063175 0.172029 -3.395014
v -0.063175 0.170870 -3.403707
v -0.063175 0.161799 -3.471725
v -0.063175 0.279412 -3.594466
v -0.063175 0.448164 -3.676294
v -0.063175 0.563224 -3.701866
v -0.063175 0.706410 -3.714651
v -0.063176 0.841925 -3.691636
v -0.063175 1.010679 -3.614923
v -0.063175 1.118066 -3.548438
v -0.063175 1.184541 -3.402684
v -0.063175 1.207549 -3.292734
v -0.063174 1.220230 -0.561671
v -0.063174 1.228984 -0.540878
v -0.063174 1.221841 -0.557844
v -0.063174 1.242813 -0.509568
v -0.063174 1.282217 -0.404336
v -0.048826 0.269850 -0.359734
v -0.063175 0.276942 -0.383368
v -0.063173 0.307414 -0.427171
v -0.063174 0.317843 -0.442159
v -0.063173 0.321905 -0.448871
v -0.063174 0.376638 -0.539291
v -0.063174 0.432877 -0.636427
v -0.063174 0.276966 -0.371105
v -0.063175 0.280321 -0.375929
v -0.063173 0.313245 -0.423261
v -0.063173 0.372718 -0.521522
v -0.063174 0.429603 -0.619788
v -0.063174 0.460633 -0.699949
v -0.063174 0.458049 -0.836997
v -0.063175 0.442537 -0.917158
v -0.063174 0.419267 -0.955944
v -0.063175 0.395998 -1.007657
v -0.063175 0.395999 -1.085231
v -0.063174 0.464459 -1.335352
v -0.063175 0.453859 -1.418777
v -0.063174 0.398594 -1.553234
v -0.063174 0.362400 -1.648900
v -0.063174 0.359817 -1.765250
v -0.063174 0.385673 -1.827301
v -0.063173 0.390849 -2.096186
v -0.063175 0.341729 -2.199604
v -0.063175 0.259000 -2.318527
v -0.063174 0.256418 -2.429695
v -0.063175 0.300371 -2.527935
v -0.063175 0.377934 -2.662368
v -0.063175 0.419301 -2.758022
v -0.063175 0.434815 -2.884693
v -0.063175 0.300390 -3.251776
v -0.063175 0.165964 -3.409464
v -0.063175 0.155626 -3.487010
v -0.063176 0.274548 -3.611089
v -0.063175 0.445170 -3.693805
v -0.063175 0.561501 -3.719653
v -0.063175 0.843282 -3.709313
v -0.063175 1.013903 -3.631768
v -0.063175 1.122481 -3.564557
v -0.063175 1.189699 -3.417216
v -0.063175 1.212970 -3.306065
v -0.063175 1.246669 -0.490493
v -0.063174 1.265390 -0.450679
v -0.063175 1.291958 -0.376215
v -0.063175 1.293970 -0.371106
v -0.063175 1.297277 -0.357878
v -0.063174 1.298387 -0.353439
v -0.063174 0.387059 -1.831632
v 0.004041 1.348815 -0.167848
v 0.004048 0.217410 -0.148414
v 0.004793 1.382824 1.958471
v 0.004793 0.228822 1.841869
v 0.004793 1.387683 3.158501
v 0.004793 1.353674 3.241094
v 0.005318 1.295373 3.343120
v 0.005443 1.193346 3.688069
v 0.005487 1.173912 3.809528
v 0.005547 1.139903 3.974715
v 0.005643 1.086461 4.237070
v 0.005729 1.047593 4.475133
v 0.005855 0.994151 4.820080
v 0.005968 0.974717 5.131020
v 0.006122 0.989292 5.553703
v 0.006207 1.013584 5.786905
v 0.006195 0.969859 5.757755
v 0.006167 0.896982 5.680021
v 0.006130 0.804672 5.577995
v 0.006110 0.753399 5.524157
v 0.006060 0.655981 5.385720
v 0.006016 0.579071 5.265230
v 0.005987 0.545744 5.185756
v 0.005960 0.509853 5.108847
v 0.005904 0.443198 4.957591
v 0.005833 0.356034 4.760189
v 0.005804 0.320142 4.680716
v 0.005754 0.312452 4.544844
v 0.005698 0.294506 4.388461
v 0.005672 0.284251 4.316679
v 0.005672 0.284251 4.316679
v 0.004793 0.227851 1.842756
v 0.004036 1.348815 -0.183229
v -0.001162 1.808164 -0.205622
v 0.003983 1.805883 -0.327653
v 0.003979 1.294979 -0.339612
v 0.003979 0.228500 -0.339612
v 0.003982 -0.119334 -0.337004
v 0.003699 -0.218976 -0.327554
v 0.003088 -0.232684 -0.192377
v 0.003416 0.192623 -0.162733
v 0.004050 0.213118 -0.144775
v 0.003978 0.243882 -0.342176
v 0.003961 0.266955 -0.388321
v 0.003940 0.307973 -0.447286
v 0.003904 0.366937 -0.544704
v 0.003869 0.423338 -0.642123
v 0.003840 0.454101 -0.721596
v 0.003791 0.451538 -0.857470
v 0.003762 0.436156 -0.936942
v 0.003748 0.413083 -0.975397
v 0.003729 0.390010 -1.026670
v 0.003701 0.390010 -1.103580
v 0.003683 0.410519 -1.152289
v 0.003651 0.436156 -1.242017
v 0.003614 0.456665 -1.341999
v 0.003584 0.446410 -1.426600
v 0.003532 0.392574 -1.567600
v 0.003498 0.356683 -1.662455
v 0.003456 0.354119 -1.777820
v 0.003434 0.379756 -1.839347
v 0.003410 0.400265 -1.903438
v 0.003393 0.402828 -1.952148
v 0.003372 0.405392 -2.008548
v 0.003337 0.384883 -2.105967
v 0.003299 0.336174 -2.208513
v 0.003256 0.254137 -2.326441
v 0.003216 0.251573 -2.436677
v 0.003181 0.295155 -2.534096
v 0.003133 0.372065 -2.667406
v 0.003098 0.413083 -2.762261
v 0.003052 0.428465 -2.887880
v 0.003009 0.425901 -3.008372
v 0.002958 0.372065 -3.146809
v 0.002920 0.295155 -3.251919
v 0.002863 0.161845 -3.408301
v 0.002835 0.151591 -3.485210
v 0.002790 0.269519 -3.608266
v 0.002761 0.438719 -3.690303
v 0.002751 0.554084 -3.715940
v 0.002747 0.697648 -3.728758
v 0.002755 0.833522 -3.705685
v 0.002783 1.002723 -3.628776
v 0.002807 1.110396 -3.562121
v 0.002860 1.177051 -3.415992
v 0.002901 1.200124 -3.305755
v 0.002901 1.200124 -3.305755
v 0.003898 1.212942 -0.562650
v 0.003915 1.233451 -0.513940
v 0.003946 1.271906 -0.429340
v 0.003965 1.284724 -0.378067
v 0.003979 1.292415 -0.339613
v 0.003979 1.294979 -0.339612
v 0.003979 0.228500 -0.339612
v 0.003978 0.243882 -0.342176
v 0.003961 0.266955 -0.388321
v 0.003940 0.307973 -0.447286
v 0.003904 0.366937 -0.544704
v 0.003869 0.423338 -0.642123
v 0.003840 0.454101 -0.721596
v 0.003791 0.451538 -0.857470
v 0.003762 0.436156 -0.936942
v 0.003748 0.413083 -0.975397
v 0.003729 0.390010 -1.026670
v 0.003701 0.390010 -1.103580
v 0.003683 0.410519 -1.152289
v 0.003651 0.436156 -1.242017
v 0.003614 0.456665 -1.341999
v 0.003584 0.446410 -1.426600
v 0.003532 0.392574 -1.567600
v 0.003498 0.356683 -1.662455
v 0.003456 0.354119 -1.777820
v 0.003434 0.379756 -1.839347
v 0.003410 0.400265 -1.903438
v 0.003393 0.402828 -1.952148
v 0.003372 0.405392 -2.008548
v 0.003337 0.384883 -2.105967
v 0.003299 0.336174 -2.208513
v 0.003256 0.254137 -2.326441
v 0.003216 0.251573 -2.436677
v 0.003181 0.295155 -2.534096
v 0.003133 0.372065 -2.667406
v 0.003098 0.413083 -2.762261
v 0.003052 0.428465 -2.887880
v 0.003009 0.425901 -3.008372
v 0.002958 0.372065 -3.146809
v 0.002920 0.295155 -3.251919
v 0.002863 0.161845 -3.408301
v 0.002835 0.151591 -3.485210
v 0.002790 0.269519 -3.608266
v 0.002761 0.438719 -3.690303
v 0.002751 0.554084 -3.715940
v 0.002747 0.697648 -3.728758
v 0.002755 0.833522 -3.705685
v 0.002783 1.002723 -3.628776
v 0.002807 1.110396 -3.562121
v 0.002860 1.177051 -3.415992
v 0.002901 1.200124 -3.305755
v 0.002901 1.200124 -3.305755
v 0.003898 1.212942 -0.562650
v 0.003915 1.233451 -0.513940
v 0.003946 1.271906 -0.429340
v 0.003965 1.284724 -0.378067
v 0.003979 1.292415 -0.339613
v 0.079931 1.294979 -0.339640
v 0.079931 0.228500 -0.339640
v 0.079930 0.243882 -0.342204
v 0.079913 0.266955 -0.388349
v 0.079892 0.307973 -0.447313
v 0.079856 0.366937 -0.544732
v 0.079821 0.423338 -0.642150
v 0.079792 0.454101 -0.721624
v 0.079743 0.451538 -0.857497
v 0.079714 0.436156 -0.936970
v 0.079700 0.413083 -0.975425
v 0.079681 0.390010 -1.026698
v 0.079653 0.390010 -1.103607
v 0.079636 0.410519 -1.152317
v 0.079603 0.436156 -1.242044
v 0.079567 0.456665 -1.342027
v 0.079536 0.446410 -1.426627
v 0.079485 0.392574 -1.567628
v 0.079450 0.356683 -1.662483
v 0.079408 0.354119 -1.777847
v 0.079386 0.379756 -1.839375
v 0.079363 0.400265 -1.903466
v 0.079345 0.402828 -1.952175
v 0.079324 0.405392 -2.008575
v 0.079289 0.384883 -2.105994
v 0.079252 0.336174 -2.208540
v 0.079209 0.254137 -2.326468
v 0.079169 0.251573 -2.436705
v 0.079133 0.295155 -2.534123
v 0.079085 0.372065 -2.667434
v 0.079050 0.413083 -2.762289
v 0.079005 0.428465 -2.887907
v 0.078961 0.425901 -3.008399
v 0.078910 0.372065 -3.146836
v 0.078872 0.295155 -3.251946
v 0.078815 0.161845 -3.408329
v 0.078787 0.151591 -3.485238
v 0.078743 0.269519 -3.608293
v 0.078713 0.438719 -3.690330
v 0.078704 0.554084 -3.715967
v 0.078699 0.697648 -3.728785
v 0.078707 0.833522 -3.705712
v 0.078735 1.002723 -3.628803
v 0.078760 1.110396 -3.562148
v 0.078813 1.177051 -3.416020
v 0.078853 1.200124 -3.305783
v 0.078853 1.200124 -3.305783
v 0.079850 1.212942 -0.562678
v 0.079868 1.233451 -0.513968
v 0.079898 1.271906 -0.429368
v 0.079917 1.284724 -0.378095
v 0.079931 1.292415 -0.339640
v 0.038877 1.271906 -0.429353
v 0.003937 0.312048 -0.454018
v 0.003937 1.260689 -0.454017
v 0.079909 0.275330 -0.400389
v 0.003937 0.312048 -0.454018
v 0.013469 0.307973 -0.447289
v 0.003937 1.260689 -0.454017
v 0.009977 1.271906 -0.429343
v 0.003945 1.270582 -0.432252
v 0.079911 0.272005 -0.395608
v 0.003945 0.297515 -0.432252
v 0.003945 1.270582 -0.432252
v 0.079911 1.280346 -0.395608
v 0.003945 0.297515 -0.432252
v 0.004793 1.382824 1.958471
v -0.009192 1.348815 -0.167848
v 0.004048 0.217410 -0.148414
v 0.004793 0.228822 1.841869
v 0.004793 1.387683 3.158501
v 0.004793 1.353674 3.241094
v 0.005318 1.295373 3.343120
v 0.005443 1.193346 3.688069
v 0.005487 1.173912 3.809528
v 0.005547 1.139903 3.974715
v 0.005643 1.086461 4.237070
v 0.005729 1.047593 4.475133
v 0.005855 0.994151 4.820080
v 0.005968 0.974717 5.131020
v 0.006122 0.989292 5.553703
v 0.006207 1.013584 5.786905
v 0.006195 0.969859 5.757755
v 0.006167 0.896982 5.680021
v 0.006130 0.804672 5.577995
v 0.006110 0.753399 5.524157
v 0.006060 0.655981 5.385720
v 0.006016 0.579071 5.265230
v 0.005987 0.545744 5.185756
v 0.005960 0.509853 5.108847
v 0.005904 0.443198 4.957591
v 0.005833 0.356034 4.760189
v 0.005804 0.320142 4.680716
v 0.005754 0.312452 4.544844
v 0.005698 0.294506 4.388461
v 0.005672 0.284251 4.316679
v 0.004793 0.228557 1.842756
v -0.004269 1.382824 1.958474
v -0.014546 1.348815 -0.167845
v -0.005034 0.217410 -0.148410
v -0.004311 0.228822 1.841872
v -0.003832 1.387683 3.158504
v -0.003802 1.353674 3.241097
v -0.003765 1.295373 3.343123
v -0.003640 1.193346 3.688072
v -0.003596 1.173912 3.809531
v -0.003535 1.139903 3.974718
v -0.003440 1.086461 4.237073
v -0.003354 1.047593 4.475136
v -0.003228 0.994151 4.820083
v -0.003115 0.974717 5.131022
v -0.002961 0.989292 5.553706
v -0.002877 1.013584 5.786908
v -0.002887 0.969859 5.757758
v -0.002916 0.896982 5.680024
v -0.002953 0.804672 5.577998
v -0.002972 0.753399 5.524159
v -0.003023 0.655981 5.385723
v -0.003066 0.579071 5.265233
v -0.003095 0.545744 5.185759
v -0.003123 0.509853 5.108850
v -0.003178 0.443198 4.957594
v -0.003250 0.356034 4.760192
v -0.003279 0.320142 4.680718
v -0.003328 0.312452 4.544847
v -0.003385 0.294506 4.388464
v -0.003411 0.284251 4.316682
v -0.004311 0.228557 1.842759
v 0.004792 1.365820 0.895312
v 0.004045 0.781215 -0.158131
v 0.004792 0.223116 0.846728
v 0.004793 0.805507 1.900170
v 0.004793 1.385253 2.558486
v 0.004793 1.370678 3.199797
v 0.005299 1.324523 3.292107
v 0.005380 1.244359 3.515594
v 0.005465 1.183629 3.748799
v 0.005517 1.156908 3.892121
v 0.005595 1.113182 4.105892
v 0.005686 1.067027 4.356101
v 0.005792 1.020872 4.647606
v 0.005911 0.984434 4.975550
v 0.006045 0.982005 5.342361
v 0.006163 1.001438 5.670304
v 0.006202 0.991722 5.772330
v 0.006181 0.933420 5.718888
v 0.006149 0.850827 5.629008
v 0.006120 0.779036 5.551076
v 0.006086 0.704690 5.454939
v 0.006038 0.617526 5.325476
v 0.006002 0.562407 5.225492
v 0.005973 0.527798 5.147301
v 0.005932 0.476525 5.033218
v 0.005870 0.399616 4.858890
v 0.005818 0.338088 4.720452
v 0.005779 0.316297 4.612780
v 0.005726 0.303479 4.466652
v 0.005685 0.289379 4.352570
v 0.005672 0.284251 4.316679
v 0.004793 0.256051 3.079717
v 0.004793 0.805338 1.900614
v 0.006195 0.969859 5.757755
v 0.005685 0.289379 4.352570
v -0.008964 1.365820 0.895312
v 0.004045 0.781215 -0.158131
v 0.004792 0.223116 0.846728
v 0.004793 0.805507 1.900170
v 0.004793 1.385253 2.558486
v 0.004793 1.370678 3.199797
v 0.005299 1.324523 3.292107
v 0.005380 1.244359 3.515594
v 0.005465 1.183629 3.748799
v 0.005517 1.156908 3.892121
v 0.005595 1.113182 4.105892
v 0.005686 1.067027 4.356101
v 0.005792 1.020872 4.647606
v 0.005911 0.984434 4.975550
v 0.006045 0.982005 5.342361
v 0.006163 1.001438 5.670304
v 0.006202 0.991722 5.772330
v 0.006181 0.933420 5.718888
v 0.006149 0.850827 5.629008
v 0.006120 0.779036 5.551076
v 0.006086 0.704690 5.454939
v 0.006038 0.617526 5.325476
v 0.006002 0.562407 5.225492
v 0.005973 0.527798 5.147301
v 0.005932 0.476525 5.033218
v 0.005870 0.399616 4.858890
v 0.005818 0.338088 4.720452
v 0.005779 0.316297 4.612780
v 0.005726 0.303479 4.466652
v 0.004793 0.250636 3.079717
v 0.004793 0.805338 1.900614
v 0.001291 0.356034 4.760191
v 0.005685 0.289379 4.352570
v 0.006207 1.013584 5.786905
v 0.004793 1.382824 1.958471
v 0.004793 0.228822 1.841869
v 0.006167 0.896982 5.680021
v 0.004793 1.387683 3.158501
v 0.004793 0.228557 1.842756
v 0.005672 0.284251 4.316679
v 0.006130 0.804672 5.577995
v 0.004793 1.353674 3.241094
v 0.006110 0.753399 5.524157
v 0.005318 1.295373 3.343120
v 0.006060 0.655981 5.385720
v 0.005443 1.193346 3.688069
v 0.005698 0.294506 4.388461
v 0.006016 0.579071 5.265230
v 0.005487 1.173912 3.809528
v 0.005987 0.545744 5.185756
v 0.005547 1.139903 3.974715
v 0.005960 0.509853 5.108847
v 0.005643 1.086461 4.237070
v 0.005904 0.443198 4.957591
v 0.005729 1.047593 4.475133
v 0.005833 0.356034 4.760189
v 0.005855 0.994151 4.820080
v 0.005804 0.320142 4.680716
v 0.005968 0.974717 5.131020
v 0.005754 0.312452 4.544844
v 0.006122 0.989292 5.553703
v -0.014317 1.365820 0.895315
v -0.005038 0.781215 -0.158128
v -0.004673 0.223116 0.846731
v -0.004290 0.805507 1.900173
v -0.004050 1.385253 2.558490
v -0.003817 1.370678 3.199801
v -0.003784 1.324523 3.292110
v -0.003703 1.244359 3.515598
v -0.003618 1.183629 3.748802
v -0.003566 1.156908 3.892125
v -0.003488 1.113182 4.105896
v -0.003397 1.067027 4.356105
v -0.003291 1.020872 4.647610
v -0.003172 0.984434 4.975553
v -0.003038 0.982005 5.342364
v -0.002919 1.001438 5.670307
v -0.002882 0.991722 5.772333
v -0.002902 0.933420 5.718891
v -0.002934 0.850827 5.629011
v -0.002962 0.779036 5.551079
v -0.002997 0.704690 5.454941
v -0.003044 0.617526 5.325478
v -0.003080 0.562407 5.225496
v -0.003109 0.527798 5.147305
v -0.003151 0.476525 5.033222
v -0.003214 0.399616 4.858893
v -0.003264 0.338088 4.720455
v -0.003304 0.316297 4.612782
v -0.003357 0.303479 4.466656
v -0.003861 0.250636 3.079721
v -0.004289 0.805338 1.900617
v -0.003426 0.685356 4.276877
v -0.003398 0.289379 4.352573
v 0.001364 0.443198 4.957593
v 0.001313 0.994151 4.820082
v 0.001188 1.047593 4.475135
v 0.001262 0.320142 4.680717
v 0.001426 0.974717 5.131021
v -0.011413 1.382824 1.958473
v 0.001213 0.312452 4.544846
v 0.001580 0.989292 5.553705
v 0.001156 0.294506 4.388463
v 0.001665 1.013584 5.786907
v 0.000231 0.228822 1.841871
v 0.000231 0.228557 1.842758
v 0.001130 0.284251 4.316681
v 0.001655 0.969859 5.757757
v 0.001626 0.896982 5.680023
v 0.000709 1.387683 3.158502
v 0.001589 0.804672 5.577997
v 0.000739 1.353674 3.241095
v 0.001570 0.753399 5.524158
v 0.000776 1.295373 3.343121
v 0.001519 0.655981 5.385721
v 0.000902 1.193346 3.688071
v 0.001475 0.579071 5.265232
v 0.000946 1.173912 3.809530
v 0.001446 0.545744 5.185757
v 0.001006 1.139903 3.974716
v 0.001418 0.509853 5.108849
v 0.001101 1.086461 4.237072
v 0.001144 1.067027 4.356103
v 0.001391 0.476525 5.033220
v 0.001053 1.113182 4.105894
v 0.001432 0.527798 5.147303
v 0.000976 1.156908 3.892123
v 0.001460 0.562407 5.225494
v 0.000924 1.183629 3.748800
v 0.001498 0.617526 5.325477
v 0.000839 1.244359 3.515596
v 0.001544 0.704690 5.454940
v 0.000758 1.324523 3.292108
v 0.001579 0.779036 5.551077
v 0.001143 0.289379 4.352571
v 0.000724 1.370678 3.199799
v 0.001607 0.850827 5.629009
v 0.000491 1.385253 2.558488
v 0.001640 0.933420 5.718889
v 0.000252 0.805338 1.900615
v 0.000252 0.805507 1.900172
v 0.001660 0.991722 5.772331
v 0.000680 0.250636 3.079719
v 0.001622 1.001438 5.670305
v 0.001185 0.303479 4.466654
v 0.001503 0.982005 5.342363
v 0.001238 0.316297 4.612782
v 0.001370 0.984434 4.975552
v -0.004664 0.793361 0.871023
v 0.006163 1.001438 5.670304
v 0.005726 0.303479 4.466652
v 0.006045 0.982005 5.342361
v 0.005779 0.316297 4.612780
v 0.005911 0.984434 4.975550
v 0.005818 0.338088 4.720452
v 0.005792 1.020872 4.647606
v 0.005870 0.399616 4.858890
v 0.005686 1.067027 4.356101
v 0.005932 0.476525 5.033218
v 0.005595 1.113182 4.105892
v 0.005973 0.527798 5.147301
v 0.005517 1.156908 3.892121
v 0.006002 0.562407 5.225492
v 0.005465 1.183629 3.748799
v 0.006038 0.617526 5.325476
v 0.005685 0.289379 4.352570
v 0.005380 1.244359 3.515594
v 0.006086 0.704690 5.454939
v 0.005299 1.324523 3.292107
v 0.006120 0.779036 5.551076
v 0.004793 0.805338 1.900614
v 0.004793 1.370678 3.199797
v 0.006149 0.850827 5.629008
v 0.004793 0.250636 3.079717
v 0.004793 1.385253 2.558486
v 0.001328 0.399616 4.858891
v 0.001250 1.020872 4.647608
v 0.001277 0.338088 4.720454
v 0.006202 0.991722 5.772330
v 0.004793 0.805507 1.900170
v 0.006181 0.933420 5.718888
v -0.003941 1.386468 2.858497
v -0.003810 1.362176 3.220449
v -0.003774 1.309948 3.317617
v -0.003671 1.218853 3.601835
v -0.003607 1.178771 3.779167
v -0.003551 1.148406 3.933421
v -0.003464 1.099821 4.171485
v -0.004086 0.239596 2.461240
v -0.004300 0.516594 1.871688
v -0.003418 0.484804 4.296780
v -0.004159 1.384039 2.258482
v -0.003825 1.379180 3.179152
v -0.003793 1.339098 3.266604
v -0.003734 1.269866 3.429361
v -0.003629 1.188488 3.718437
v -0.003581 1.165410 3.850828
v -0.003512 1.126543 4.040307
v -0.003636 0.270151 3.698201
v -0.004279 1.094081 1.929546
v -0.003433 0.885908 4.256975
v -0.003375 1.057310 4.415621
v -0.003260 1.007511 4.733847
v -0.003143 0.979576 5.053288
v -0.003000 0.985649 5.448035
v -0.002898 1.007511 5.728607
v -0.002885 0.980790 5.765045
v -0.002909 0.915201 5.699457
v -0.002943 0.827750 5.603504
v -0.002967 0.766218 5.537619
v -0.003010 0.680335 5.420332
v -0.003054 0.598299 5.295355
v -0.003088 0.554076 5.205627
v -0.003116 0.518825 5.128077
v -0.003165 0.459861 4.995408
v -0.003232 0.377825 4.809543
v -0.003272 0.329115 4.700587
v -0.003316 0.314374 4.578815
v -0.003371 0.298992 4.427560
v -0.003415 0.384528 4.306731
v -0.003405 0.286815 4.334628
v -0.003419 1.076744 4.296589
v -0.003322 1.034233 4.561373
v -0.003200 0.989292 4.897818
v -0.003077 0.978361 5.236693
v -0.002940 0.995365 5.612007
v -0.002879 1.002653 5.779621
v -0.002894 0.951640 5.738325
v -0.002925 0.873905 5.654518
v -0.002958 0.791854 5.564539
v -0.002985 0.729045 5.489550
v -0.003033 0.636753 5.355600
v -0.003074 0.570739 5.245365
v -0.003102 0.536771 5.166532
v -0.003137 0.493189 5.071035
v -0.003196 0.421407 4.908244
v -0.003257 0.347061 4.740324
v -0.003291 0.318220 4.646750
v -0.003342 0.307965 4.505752
v -0.003429 0.785632 4.266927
v -0.003392 0.291942 4.370519
v -0.003422 0.585080 4.286829
v -0.003437 0.986185 4.247025
v 0.077427 0.252797 -0.333059
v 0.077426 0.623061 -3.725154
v 0.077426 0.750019 -3.725154
v 0.077428 0.258655 -0.337339
v 0.077428 0.253936 -0.337358
v 0.077428 0.258655 -0.337339
v 0.077427 1.300210 -0.337522
v 0.077428 0.258655 -0.337339
v 0.077428 0.258655 -0.337339
v 0.077428 0.258665 -0.337359
v 0.077401 0.259861 -0.359759
v 0.077428 0.282572 -0.405172
v 0.077427 0.287543 -0.412320
v 0.077428 0.290817 -0.417025
v 0.077427 0.322951 -0.463216
v 0.077427 0.380998 -0.559113
v 0.077426 0.436521 -0.655010
v 0.077427 0.460462 -0.716854
v 0.077427 0.466806 -0.733244
v 0.077427 0.464578 -0.851207
v 0.077427 0.464280 -0.866997
v 0.077428 0.449136 -0.945233
v 0.077428 0.426419 -0.983089
v 0.077427 0.403703 -1.033565
v 0.077427 0.403702 -1.096543
v 0.077427 0.403702 -1.109278
v 0.077427 0.418985 -1.145576
v 0.077427 0.423893 -1.157231
v 0.077427 0.445968 -1.234495
v 0.077427 0.449131 -1.245563
v 0.077427 0.467279 -1.334044
v 0.077427 0.469320 -1.343994
v 0.077427 0.460077 -1.420242
v 0.077427 0.459224 -1.427279
v 0.077427 0.406217 -1.566098
v 0.077427 0.370879 -1.659480
v 0.077427 0.368352 -1.773059
v 0.077428 0.391766 -1.829255
v 0.077428 0.393591 -1.833637
v 0.077428 0.413782 -1.896737
v 0.077427 0.416306 -1.944695
v 0.077428 0.418829 -2.000223
v 0.077426 0.398634 -2.096136
v 0.077427 0.350675 -2.197101
v 0.077427 0.269900 -2.313214
v 0.077427 0.267373 -2.421752
v 0.077426 0.310280 -2.517671
v 0.077427 0.386002 -2.648929
v 0.077427 0.426387 -2.742329
v 0.077427 0.427198 -2.748953
v 0.077426 0.441531 -2.866021
v 0.077426 0.441318 -2.876021
v 0.077426 0.439004 -2.984666
v 0.077426 0.385993 -3.120984
v 0.077426 0.379359 -3.130050
v 0.077426 0.310262 -3.224483
v 0.077426 0.178996 -3.378477
v 0.077426 0.176514 -3.397086
v 0.077426 0.168896 -3.454213
v 0.077427 0.285010 -3.575392
v 0.077426 0.451614 -3.656178
v 0.077426 0.565209 -3.681422
v 0.077426 0.706572 -3.694044
v 0.077426 0.840362 -3.671323
v 0.077426 1.006967 -3.595587
v 0.077426 1.112987 -3.529949
v 0.077427 1.178615 -3.386053
v 0.077426 1.201330 -3.277499
v 0.077428 1.213870 -0.576777
v 0.077428 1.234058 -0.528827
v 0.077427 1.269973 -0.449821
v 0.077427 1.271913 -0.445552
v 0.077427 1.276583 -0.426873
v 0.077427 1.280221 -0.412320
v 0.077427 1.282217 -0.404336
v 0.077427 1.284531 -0.395079
v 0.077427 1.289031 -0.372575
v 0.077427 1.292101 -0.357225
v 0.077401 0.265132 -0.359746
v 0.077427 0.244716 -0.357225
v 0.077427 0.239703 -0.337429
v 0.077427 0.445653 -0.930389
v 0.077427 0.422645 -0.968734
v 0.077427 0.399636 -1.019864
v 0.077427 0.414625 -1.135219
v 0.077427 0.414625 -1.135219
v 0.077427 0.443162 -1.224674
v 0.077427 0.443162 -1.224674
v 0.077427 0.465472 -1.325233
v 0.077427 0.465472 -1.325233
v 0.077427 0.456829 -1.411551
v 0.077427 0.455871 -1.418654
v 0.077427 0.402182 -1.559258
v 0.077426 0.366387 -1.653847
v 0.077427 0.363828 -1.768889
v 0.077427 0.264106 -2.316008
v 0.077426 0.434659 -2.995840
v 0.077426 0.430842 -3.005656
v 0.077426 0.381696 -3.134198
v 0.077426 0.374862 -3.143538
v 0.077426 0.304989 -3.239036
v 0.077426 0.177674 -3.388391
v 0.077427 0.172029 -3.395014
v 0.077427 0.170870 -3.403707
v 0.077426 0.161799 -3.471725
v 0.077427 0.279412 -3.594466
v 0.077427 0.448164 -3.676294
v 0.077426 0.563224 -3.701866
v 0.077426 0.706410 -3.714651
v 0.077426 0.841925 -3.691636
v 0.077426 1.010679 -3.614923
v 0.077427 1.118066 -3.548438
v 0.077426 1.184541 -3.402684
v 0.077426 1.207549 -3.292734
v 0.077428 1.220230 -0.561671
v 0.077428 1.228984 -0.540878
v 0.077428 1.221841 -0.557844
v 0.077428 1.242813 -0.509568
v 0.077427 1.282217 -0.404336
v 0.077401 0.269850 -0.359734
v 0.077427 0.276942 -0.383368
v 0.077428 0.307414 -0.427171
v 0.077428 0.317843 -0.442159
v 0.077428 0.321905 -0.448871
v 0.077428 0.376638 -0.539291
v 0.077427 0.432877 -0.636427
v 0.077427 0.276966 -0.371105
v 0.077427 0.280321 -0.375929
v 0.077428 0.313245 -0.423261
v 0.077428 0.372718 -0.521522
v 0.077427 0.429603 -0.619788
v 0.077427 0.460633 -0.699949
v 0.077428 0.458049 -0.836997
v 0.077427 0.442537 -0.917158
v 0.077428 0.419267 -0.955944
v 0.077427 0.395998 -1.007657
v 0.077427 0.395999 -1.085231
v 0.077427 0.464459 -1.335352
v 0.077427 0.453859 -1.418777
v 0.077427 0.398594 -1.553234
v 0.077428 0.362400 -1.648900
v 0.077428 0.359817 -1.765250
v 0.077427 0.385673 -1.827301
v 0.077428 0.390849 -2.096186
v 0.077427 0.341729 -2.199604
v 0.077426 0.259000 -2.318527
v 0.077427 0.256418 -2.429695
v 0.077426 0.300371 -2.527935
v 0.077426 0.377934 -2.662368
v 0.077427 0.419301 -2.758022
v 0.077426 0.434815 -2.884693
v 0.077426 0.300390 -3.251776
v 0.077426 0.165964 -3.409464
v 0.077427 0.155626 -3.487010
v 0.077426 0.274548 -3.611089
v 0.077427 0.445170 -3.693805
v 0.077426 0.561501 -3.719653
v 0.077427 0.843282 -3.709313
v 0.077426 1.013903 -3.631768
v 0.077426 1.122481 -3.564557
v 0.077427 1.189699 -3.417216
v 0.077426 1.212970 -3.306065
v 0.077427 1.246669 -0.490493
v 0.077427 1.265390 -0.450679
v 0.077427 1.291958 -0.376215
v 0.077427 1.293970 -0.371106
v 0.077427 1.297277 -0.357878
v 0.077427 1.298387 -0.353439
v 0.077427 0.387059 -1.831632
v 0.001411 1.816897 -0.262774
v 0.002697 1.816971 -0.295643
v 0.000124 1.816823 -0.229905
v 0.004792 -0.237217 -0.249271
v 0.005313 -0.235159 -0.203712
v 0.004237 -0.238034 -0.291104
vn 0.0007 -0.5899 -0.8074
vn -0.0002 -0.0000 -1.0000
vn -0.0014 0.0002 1.0000
vn -0.9999 0.0121 0.0024
vn -1.0000 -0.0000 -0.0007
vn -0.9999 0.0072 -0.0075
vn -1.0000 -0.0000 -0.0000
vn -1.0000 0.0017 0.0008
vn -1.0000 0.0001 0.0001
vn -1.0000 0.0002 0.0001
vn -1.0000 -0.0002 -0.0000
vn -0.9882 -0.1244 -0.0890
vn -0.3119 -0.8497 -0.4251
vn -0.7989 -0.4886 -0.3508
vn -0.8285 -0.3517 -0.4358
vn -0.6932 -0.6987 -0.1769
vn -1.0000 -0.0002 0.0005
vn -1.0000 0.0032 -0.0049
vn -1.0000 0.0017 0.0030
vn -1.0000 -0.0006 -0.0026
vn -1.0000 -0.0000 -0.0001
vn -0.0000 -0.0000 -1.0000
vn -1.0000 -0.0001 0.0001
vn -1.0000 -0.0001 0.0002
vn -1.0000 0.0001 -0.0000
vn -1.0000 -0.0003 -0.0001
vn -1.0000 -0.0001 -0.0000
vn 1.0000 -0.0000 -0.0000
vn -1.0000 0.0003 -0.0000
vn 1.0000 0.0002 -0.0000
vn -1.0000 0.0002 -0.0000
vn -1.0000 0.0001 -0.0001
vn -1.0000 -0.0002 0.0001
vn -1.0000 -0.0011 0.0005
vn -1.0000 -0.0000 -0.0080
vn -0.9994 0.0055 0.0351
vn -1.0000 -0.0014 -0.0046
vn -0.9998 0.0171 0.0088
vn -0.9957 0.0912 0.0171
vn -1.0000 -0.0001 0.0034
vn 0.0002 0.7610 -0.6487
vn -0.0000 -0.0000 -0.0000
vn 0.0001 -0.0000 1.0000
vn -0.0001 -0.0000 1.0000
vn 0.1895 0.0001 0.9819
vn 0.8212 0.5707 -0.0000
vn 0.6578 0.4571 0.5986
vn 0.8212 0.5706 -0.0000
vn -0.6717 0.4073 -0.6188
vn -0.8551 0.5182 0.0157
vn -0.8550 0.5184 0.0157
vn 0.0001 0.9818 -0.1900
vn -0.0000 0.9912 -0.1322
vn 0.0002 0.8575 -0.5145
vn -0.0002 0.7220 0.6919
vn 0.0002 0.9119 -0.4104
vn -0.0003 0.4363 0.8998
vn -0.0000 1.0000 -0.0000
vn -0.0003 0.2169 0.9762
vn -0.0001 0.9216 0.3881
vn -0.0001 0.9216 0.3880
vn -0.0003 0.0889 0.9960
vn -0.0001 0.9615 0.2747
vn -0.0003 -0.1674 0.9859
vn -0.0001 0.9796 0.2009
vn -0.0003 -0.4138 0.9104
vn -0.0000 0.9927 -0.1203
vn -0.0003 -0.5264 0.8503
vn 0.0001 0.9348 -0.3553
vn 0.0001 0.9342 -0.3567
vn -0.0002 -0.9098 0.4150
vn -0.0001 -0.9098 0.4150
vn 0.0001 0.9353 -0.3539
vn -0.0001 -0.9788 0.2049
vn -0.0000 0.9998 -0.0222
vn -0.0001 0.9231 0.3846
vn -0.0000 -1.0000 0.0047
vn -0.0001 0.9524 0.3048
vn -0.0001 -0.9216 0.3880
vn -0.0001 -0.9216 0.3881
vn -0.0000 0.9988 0.0490
vn -0.0000 0.9986 0.0525
vn -0.0002 -0.9104 0.4138
vn -0.0000 0.9990 0.0454
vn -0.0001 -0.9701 0.2425
vn 0.0001 0.9786 -0.2060
vn -0.0001 -0.9806 0.1961
vn 0.0002 0.9033 -0.4291
vn 0.0004 -0.0000 -1.0000
vn 0.0002 0.8209 -0.5711
vn -0.0000 0.9997 -0.0233
vn -0.0001 0.9128 0.4084
vn -0.0002 0.9128 0.4084
vn -0.0002 0.8662 0.4997
vn -0.0002 0.8944 0.4472
vn -0.0001 0.9179 0.3969
vn -0.0002 0.8209 0.5711
vn -0.0002 0.8209 0.5710
vn -0.0000 0.9926 0.1215
vn -0.0002 0.8555 0.5178
vn -0.0000 0.9998 -0.0213
vn -0.0002 0.8654 0.5010
vn 0.0001 0.9320 -0.3624
vn -0.0001 0.9326 0.3610
vn 0.0002 0.8070 -0.5905
vn -0.0000 0.9998 -0.0189
vn -0.0003 0.8210 0.5710
vn -0.0001 -0.9104 0.4138
vn -0.0003 -0.9104 0.4138
vn -0.0002 -0.9103 0.4139
vn -0.0001 -0.9114 0.4116
vn 0.0001 -0.9114 0.4116
vn -0.0001 0.9882 0.1531
vn 0.0001 0.9882 0.1531
vn -0.0001 -0.9131 0.4078
vn -0.0004 -0.9148 0.4039
vn -0.0002 -0.9148 0.4039
vn -1.0000 -0.0000 -0.0004
vn 1.0000 -0.0000 0.0004
vn -0.0000 0.9981 0.0624
vn -0.0002 0.9981 0.0624
vn -0.0000 0.9999 -0.0160
vn -0.0000 -0.9984 0.0565
vn -0.0002 -0.9984 0.0565
vn -0.0000 0.9994 -0.0345
vn -0.0002 0.9994 -0.0345
vn -0.0004 0.0172 0.9999
vn -0.0003 0.0172 0.9999
vn -0.0007 0.0343 0.9994
vn -0.0000 -0.9935 0.1140
vn -0.0002 -0.9935 0.1140
vn -0.0001 -0.9935 0.1140
vn 0.0001 0.9946 -0.1036
vn -0.0000 0.9946 -0.1036
vn -0.0000 1.0000 -0.0057
vn -0.0000 -0.9998 0.0178
vn -0.0002 -0.9998 0.0178
vn -0.0003 -0.5547 0.8321
vn -0.0002 -0.5547 0.8321
vn -0.0002 -0.5547 0.8320
vn 0.0002 0.1005 -0.9949
vn 0.0001 -0.1005 0.9949
vn 0.0004 0.0997 -0.9950
vn 0.0002 -0.0997 0.9950
vn -0.0002 -0.7295 0.6840
vn -0.0000 -0.7295 0.6839
vn -0.0002 -0.7295 0.6839
vn -0.0000 1.0000 -0.0040
vn -0.0000 1.0000 -0.0041
vn -0.0003 -0.7415 0.6709
vn -0.0000 -0.7415 0.6709
vn -0.0001 0.9247 0.3807
vn -0.0002 0.9247 0.3807
vn -0.0000 -0.9899 0.1414
vn -0.0000 -0.9899 0.1415
vn -0.0001 -0.9900 0.1414
vn -0.0001 -0.7242 0.6896
vn 0.0001 -0.7241 0.6897
vn -0.0003 -0.7242 0.6896
vn -0.0001 0.8682 0.4961
vn -0.0003 0.8682 0.4961
vn -0.0002 0.8682 0.4961
vn -0.0002 -0.8178 0.5755
vn -0.0005 -0.8178 0.5755
vn -0.0001 -0.8178 0.5755
vn -0.0001 0.9589 0.2836
vn -0.0003 0.9589 0.2836
vn -0.0001 -0.8429 0.5381
vn 0.0002 -0.8429 0.5380
vn -0.0001 -0.8429 0.5380
vn -0.0000 0.9874 0.1580
vn -0.0003 0.9874 0.1580
vn -0.0001 0.9874 0.1580
vn -0.0001 -0.9222 0.3867
vn 0.0001 -0.9222 0.3867
vn -0.0001 0.9797 0.2006
vn -0.0003 0.9795 0.2017
vn -0.0001 0.9795 0.2016
vn -0.0002 -0.9062 0.4229
vn -0.0000 0.9799 0.1996
vn 0.0001 0.9799 0.1996
vn -0.0001 0.9799 0.1996
vn -0.0001 -0.9149 0.4036
vn -0.0002 -0.9151 0.4033
vn -0.0001 0.9876 0.1571
vn -0.0001 0.9869 0.1611
vn -0.0000 0.9869 0.1611
vn -0.0000 -0.9151 0.4032
vn -0.0001 -0.9151 0.4032
vn -0.0001 -0.9151 0.4033
vn -0.0002 -0.9151 0.4032
vn -0.0003 0.9799 0.1996
vn -0.0000 0.9797 0.2006
vn -0.0001 -0.9062 0.4229
vn -0.0001 0.9795 0.2017
vn -0.0000 0.9795 0.2016
vn -0.0002 -0.9222 0.3867
vn -0.0004 -0.9222 0.3867
vn -0.0000 -0.9222 0.3867
vn -0.0002 -0.8429 0.5380
vn -0.0000 -0.8429 0.5380
vn -0.0003 -0.8429 0.5380
vn -0.0002 -0.8429 0.5381
vn -0.0002 0.9589 0.2836
vn -0.0000 -0.8178 0.5755
vn -0.0003 -0.8178 0.5755
vn -0.0002 0.8682 0.4962
vn -0.0002 -0.7241 0.6897
vn -0.0002 -0.7242 0.6896
vn -0.0003 -0.7241 0.6896
vn -0.0004 -0.7241 0.6896
vn -0.0001 -0.9899 0.1414
vn -0.0003 -0.9899 0.1414
vn 0.0001 0.9247 0.3808
vn -0.0001 0.9247 0.3808
vn -0.0002 -0.7415 0.6709
vn -0.0006 -0.7415 0.6709
vn -0.0000 -0.7416 0.6709
vn -0.0004 -0.7415 0.6709
vn -0.0000 -1.0000 0.0040
vn -0.0003 -0.7295 0.6840
vn -0.0007 -0.7295 0.6840
vn -0.0006 -0.7296 0.6839
vn -0.0004 -0.7295 0.6840
vn 0.0003 0.0997 -0.9950
vn 0.0161 0.0999 -0.9949
vn 0.0003 0.0998 -0.9950
vn 0.0002 0.0997 -0.9950
vn 0.0005 0.0998 -0.9950
vn 0.0001 0.0997 -0.9950
vn 0.0003 0.1006 -0.9949
vn 0.0002 0.1006 -0.9949
vn 0.0005 0.1005 -0.9949
vn 0.0005 0.1006 -0.9949
vn 0.0001 0.1005 -0.9949
vn 0.0004 0.1005 -0.9949
vn -0.0007 -0.5547 0.8321
vn -0.0003 -0.5547 0.8320
vn -0.0000 -0.5546 0.8321
vn 0.0028 -0.9995 0.0315
vn 0.7649 -0.6439 0.0150
vn 0.0028 -0.9996 0.0272
vn -0.0000 -0.9997 0.0225
vn -0.0000 -0.9996 0.0272
vn -0.0000 -0.9998 0.0210
vn -0.0003 -0.9935 0.1140
vn -0.0003 0.0171 0.9999
vn -0.0006 0.0171 0.9999
vn 0.0002 -0.9984 0.0565
vn -0.0000 -0.9999 0.0160
vn 0.0002 0.9981 0.0624
vn -0.9998 0.0178 0.0009
vn -1.0000 0.0059 -0.0067
vn -1.0000 0.0009 -0.0095
vn -0.9999 0.0168 -0.0005
vn -0.9999 0.0125 -0.0023
vn -0.0000 0.0171 0.9999
vn -0.0028 -0.0000 -1.0000
vn -0.0001 -0.9148 0.4039
vn -0.0000 -0.9149 0.4036
vn -0.0002 -0.9149 0.4036
vn -0.0002 -0.9131 0.4078
vn -0.0003 0.9882 0.1531
vn -0.0000 0.9876 0.1571
vn -0.0000 0.9882 0.1531
vn -0.0002 -0.9114 0.4116
vn -0.0000 -0.9131 0.4078
vn 0.9999 -0.0124 0.0001
vn -0.5427 -0.0000 -0.8399
vn -1.0000 -0.0000 -0.0006
vn -1.0000 -0.0002 -0.0006
vn -1.0000 -0.0002 -0.0001
vn -0.9973 0.0367 -0.0631
vn -1.0000 -0.0003 -0.0000
vn -1.0000 -0.0012 -0.0002
vn -1.0000 0.0004 -0.0000
vn -1.0000 0.0010 -0.0005
vn -1.0000 -0.0000 0.0004
vn -1.0000 -0.0005 -0.0004
vn -1.0000 0.0003 -0.0001
vn -0.9131 -0.4078 -0.0000
vn -1.0000 0.0007 -0.0002
vn -0.0007 -0.5899 -0.8075
vn 0.0002 -0.0000 -1.0000
vn 0.0014 0.0002 1.0000
vn 1.0000 0.0001 -0.0007
vn 1.0000 -0.0000 -0.0007
vn 1.0000 0.0001 0.0001
vn 1.0000 0.0014 0.0009
vn 1.0000 -0.0016 -0.0007
vn 1.0000 -0.0001 -0.0001
vn 0.3119 -0.8497 -0.4251
vn 0.7989 -0.4886 -0.3508
vn 0.8285 -0.3517 -0.4358
vn 0.8266 -0.0914 -0.5552
vn 1.0000 -0.0002 0.0005
vn 1.0000 0.0032 -0.0049
vn 0.9999 0.0138 0.0061
vn 1.0000 -0.0006 -0.0026
vn 1.0000 -0.0001 -0.0000
vn 1.0000 -0.0000 -0.0001
vn 1.0000 -0.0002 0.0001
vn 1.0000 -0.0002 -0.0001
vn 1.0000 -0.0002 -0.0000
vn 1.0000 -0.0003 -0.0000
vn 1.0000 0.0007 -0.0002
vn 1.0000 0.0005 -0.0003
vn 1.0000 -0.0001 0.0001
vn 1.0000 -0.0013 -0.0046
vn 0.9994 0.0055 0.0351
vn 1.0000 -0.0000 -0.0080
vn 0.9951 0.0991 0.0005
vn 0.9901 0.1397 0.0151
vn 1.0000 0.0083 0.0041
vn -0.0002 0.7610 -0.6487
vn -0.0001 0.9818 -0.1900
vn -0.0002 0.8575 -0.5145
vn 0.0002 0.7220 0.6919
vn -0.0002 0.9119 -0.4104
vn 0.0003 0.4363 0.8998
vn 0.0003 0.2169 0.9762
vn 0.0001 0.9216 0.3881
vn 0.0003 0.0889 0.9960
vn 0.0001 0.9615 0.2747
vn 0.0003 -0.1674 0.9859
vn 0.0004 -0.1674 0.9859
vn 0.0001 0.9796 0.2009
vn 0.0003 -0.4138 0.9104
vn 0.0003 -0.5264 0.8503
vn -0.0001 0.9342 -0.3567
vn -0.0001 0.9348 -0.3553
vn 0.0001 -0.9098 0.4150
vn 0.0002 -0.9098 0.4150
vn -0.0001 0.9353 -0.3539
vn 0.0001 -0.9788 0.2049
vn 0.0001 0.9231 0.3846
vn 0.0001 0.9524 0.3048
vn 0.0001 -0.9216 0.3881
vn 0.0001 -0.9216 0.3880
vn 0.0002 -0.9104 0.4138
vn 0.0001 -0.9701 0.2425
vn -0.0001 0.9786 -0.2060
vn 0.0001 -0.9806 0.1961
vn -0.0002 0.9033 -0.4291
vn -0.0004 -0.0000 -1.0000
vn -0.0002 0.8209 -0.5711
vn 0.0001 0.9128 0.4084
vn 0.0002 0.8662 0.4997
vn 0.0002 0.8944 0.4472
vn 0.0001 0.9179 0.3969
vn 0.0002 0.8209 0.5711
vn 0.0002 0.8209 0.5710
vn 0.0002 0.8555 0.5178
vn 0.0002 0.8654 0.5010
vn -0.0001 0.9320 -0.3624
vn 0.0001 0.9326 0.3610
vn -0.0002 0.8070 -0.5905
vn 0.0003 0.8210 0.5710
vn 0.0002 -0.9103 0.4139
vn 0.0003 -0.9104 0.4138
vn -0.0000 -0.9114 0.4116
vn 0.0001 -0.9148 0.4039
vn 0.0004 -0.9148 0.4039
vn 0.0001 -0.9131 0.4078
vn 1.0000 0.0084 -0.0004
vn 1.0000 -0.0000 -0.0004
vn -1.0000 0.0001 0.0004
vn 0.0007 0.0343 0.9994
vn 0.0004 0.0172 0.9999
vn 0.0001 -0.9935 0.1140
vn 0.0002 -0.9935 0.1140
vn 0.0002 -0.9998 0.0178
vn 0.0002 -0.5547 0.8320
vn 0.0002 -0.5547 0.8321
vn 0.0003 -0.5547 0.8321
vn -0.0002 0.1005 -0.9949
vn -0.0001 -0.1005 0.9949
vn -0.0005 0.0997 -0.9950
vn -0.0001 -0.0997 0.9950
vn 0.0002 -0.7295 0.6839
vn 0.0001 -0.7295 0.6839
vn 0.0003 -0.7415 0.6709
vn 0.0002 0.9247 0.3808
vn 0.0001 0.9247 0.3807
vn 0.0001 -0.9899 0.1414
vn 0.0003 -0.7241 0.6896
vn -0.0000 -0.7241 0.6897
vn 0.0002 -0.7241 0.6897
vn 0.0001 0.8682 0.4962
vn 0.0003 0.8683 0.4961
vn 0.0001 0.8683 0.4961
vn 0.0001 -0.8178 0.5755
vn 0.0005 -0.8178 0.5755
vn 0.0002 -0.8178 0.5755
vn 0.0001 0.9589 0.2836
vn 0.0003 0.9589 0.2836
vn 0.0001 -0.8429 0.5381
vn 0.0001 0.9874 0.1580
vn 0.0003 -0.9222 0.3867
vn -0.0000 0.9795 0.2017
vn 0.0001 0.9797 0.2006
vn 0.0002 -0.9062 0.4229
vn 0.0002 -0.9151 0.4033
vn 0.0001 -0.9149 0.4036
vn 0.0001 0.9869 0.1611
vn 0.0001 0.9876 0.1571
vn 0.0001 -0.9151 0.4033
vn -0.0000 -0.9151 0.4033
vn 0.0002 -0.9151 0.4032
vn 0.0002 -0.9149 0.4036
vn 0.0001 -0.9062 0.4229
vn -0.0002 0.9795 0.2017
vn 0.0001 0.9795 0.2017
vn 0.0001 0.9795 0.2016
vn 0.0002 -0.9222 0.3868
vn 0.0002 -0.9222 0.3867
vn 0.0003 0.9874 0.1580
vn 0.0003 -0.8429 0.5380
vn -0.0000 -0.8429 0.5381
vn 0.0001 -0.8429 0.5380
vn 0.0003 -0.8178 0.5755
vn 0.0002 0.8682 0.4961
vn 0.0001 0.8682 0.4961
vn 0.0002 -0.7242 0.6896
vn 0.0003 -0.7242 0.6896
vn 0.0001 -0.7242 0.6896
vn 0.0003 -0.7241 0.6897
vn -0.0000 -0.9900 0.1414
vn 0.0001 -0.9900 0.1414
vn 0.0002 0.9247 0.3807
vn 0.0002 -0.7416 0.6709
vn 0.0002 -0.7415 0.6709
vn 0.0004 -0.7415 0.6709
vn -0.0003 -1.0000 0.0040
vn 0.0001 1.0000 -0.0043
vn -0.0003 1.0000 -0.0038
vn 0.0002 -0.7295 0.6840
vn 0.0003 -0.7295 0.6839
vn 0.0004 -0.7295 0.6839
vn 0.0003 -0.7295 0.6840
vn -0.0002 0.0998 -0.9950
vn -0.0005 0.0998 -0.9950
vn -0.0003 0.0998 -0.9950
vn -0.0001 0.0997 -0.9950
vn -0.0002 0.1006 -0.9949
vn -0.0004 0.1005 -0.9949
vn -0.0003 0.1006 -0.9949
vn -0.0005 0.1005 -0.9949
vn -0.0005 0.1006 -0.9949
vn -0.0001 0.1005 -0.9949
vn 0.0003 -0.5547 0.8320
vn 0.0007 -0.5547 0.8321
vn 0.0004 -0.5547 0.8320
vn -0.0028 -0.9996 0.0272
vn -0.0001 0.9946 -0.1036
vn 0.0003 -0.9935 0.1140
vn 0.0003 0.0171 0.9999
vn 0.0003 0.0172 0.9999
vn 0.9998 0.0178 0.0009
vn 1.0000 -0.0014 -0.0017
vn 0.9999 0.0168 -0.0005
vn 0.9999 0.0167 -0.0006
vn 0.0028 -0.0000 -1.0000
vn 0.0002 -0.9131 0.4078
vn 0.0003 0.9882 0.1531
vn 0.0002 -0.9114 0.4116
vn -1.0000 -0.0000 0.0001
vn 0.5427 -0.0000 -0.8399
vn 1.0000 -0.0002 -0.0006
vn 1.0000 -0.0000 -0.0006
vn 0.9870 -0.1478 -0.0634
vn 1.0000 -0.0007 -0.0003
vn 1.0000 0.0005 -0.0001
vn 1.0000 0.0010 -0.0005
vn 1.0000 -0.0008 0.0004
vn 1.0000 0.0001 -0.0000
vn 0.9564 0.2921 -0.0000
vn 1.0000 0.0003 -0.0001
vn 1.0000 0.0003 -0.0002
vn -0.5915 0.7973 -0.1199
vn -0.8550 0.0013 -0.5187
vn -0.8721 -0.0678 -0.4846
vn -0.9999 0.0140 -0.0028
vn -0.9999 0.0139 -0.0029
vn -0.9999 0.0131 -0.0040
vn -0.6305 0.0319 -0.7756
vn -0.9792 -0.0589 -0.1940
vn -0.3288 -0.7672 -0.5508
vn -1.0000 -0.0004 0.0001
vn -0.7474 -0.6644 -0.0000
vn -1.0000 0.0006 0.0004
vn -1.0000 -0.0006 -0.0003
vn -1.0000 -0.0004 -0.0003
vn -0.6158 0.6635 0.4249
vn -1.0000 0.0006 0.0003
vn -1.0000 0.0022 0.0015
vn -1.0000 0.0003 0.0002
vn -1.0000 -0.0001 -0.0001
vn -1.0000 0.0003 0.0001
vn -0.3885 -0.7468 -0.5399
vn -0.2853 -0.7767 -0.5616
vn -0.8856 -0.3542 -0.3005
vn -0.8266 -0.0914 -0.5552
vn -1.0000 -0.0001 -0.0004
vn -1.0000 -0.0007 -0.0000
vn -0.6547 -0.7274 -0.2055
vn -1.0000 0.0020 -0.0008
vn -0.0511 -0.9987 -0.0000
vn -0.5780 -0.8160 -0.0000
vn -1.0000 -0.0007 -0.0002
vn 1.0000 0.0005 0.0002
vn 0.9966 -0.0000 0.0824
vn 1.0000 -0.0086 -0.0004
vn 1.0000 -0.0003 0.0001
vn 1.0000 -0.0000 -0.0079
vn -1.0000 0.0002 -0.0001
vn -1.0000 -0.0000 -0.0005
vn -0.9982 0.0141 0.0579
vn -0.9988 0.0130 0.0467
vn -0.1046 0.9944 0.0124
vn -0.9992 -0.0010 0.0405
vn -0.9999 0.0013 0.0122
vn -0.9997 -0.0151 -0.0181
vn -0.9994 -0.0057 -0.0342
vn -0.9995 0.0003 0.0326
vn -0.9999 -0.0005 -0.0126
vn -0.9999 0.0028 -0.0133
vn -0.6398 0.7674 -0.0420
vn -0.0000 -0.0000 1.0000
vn -0.6289 -0.0005 0.7775
vn 0.1896 0.0001 0.9819
vn -0.8483 -0.0006 0.5295
vn 0.7279 0.5058 -0.4630
vn -0.7389 0.4479 0.5035
vn -0.0004 -0.1674 0.9859
vn 0.1210 -0.9926 0.0040
vn 1.0000 -0.0001 0.0004
vn 0.3962 0.0743 -0.9152
vn 1.0000 -0.0000 0.0003
vn 0.9634 0.0185 0.2676
vn 0.7069 0.0488 0.7056
vn 0.7070 0.0549 0.7051
vn 0.6124 -0.6124 -0.4999
vn 1.0000 -0.0001 0.0003
vn 1.0000 -0.0003 0.0002
vn 1.0000 0.0002 0.0005
vn 1.0000 -0.0000 0.0005
vn 0.4448 0.8896 0.1037
vn 1.0000 0.0001 0.0004
vn 0.9998 0.0052 0.0169
vn 0.6298 -0.0380 -0.7758
vn 0.9431 -0.0323 -0.3310
vn 0.3829 0.8935 0.2344
vn 0.9899 0.1414 0.0003
vn 0.6654 0.7393 0.1036
vn 1.0000 0.0010 0.0005
vn 0.4434 -0.8868 -0.1301
vn 0.0972 -0.9725 -0.2117
vn 0.9839 -0.1790 0.0004
vn 0.8025 -0.5836 -0.1244
vn 0.7872 -0.6056 -0.1163
vn 0.6559 0.7494 0.0903
vn -0.0000 0.9649 0.2624
vn 0.1943 0.9715 0.1359
vn 0.5649 0.8217 -0.0756
vn 0.9863 0.1644 0.0122
vn 0.9838 -0.1789 -0.0125
vn 0.7468 0.6638 -0.0406
vn 0.7468 -0.6638 0.0411
vn 1.0000 0.0002 0.0003
vn 1.0000 0.0001 0.0003
vn -0.0000 0.9252 -0.3795
vn -0.3660 0.7322 -0.5744
vn 0.3661 -0.7322 0.5744
vn 0.9806 -0.1961 -0.0000
vn 0.5292 -0.7937 0.2999
vn 0.8928 0.4464 0.0600
vn 1.0000 -0.0004 0.0006
vn 1.0000 0.0005 -0.0000
vn 0.9839 -0.1789 0.0003
vn 0.9621 -0.2405 0.1284
vn 0.5927 0.7409 -0.3158
vn 0.9615 -0.2747 0.0044
vn -0.0000 0.9558 -0.2940
vn 1.0000 0.0009 -0.0002
vn 1.0000 -0.0002 0.0006
vn -0.0000 0.4725 -0.8814
vn 1.0000 -0.0003 0.0006
vn 0.8870 0.4435 -0.1288
vn 1.0000 -0.0000 0.0002
vn 0.9912 0.1239 -0.0455
vn 1.0000 -0.0060 0.0057
vn 0.6688 -0.5016 0.5487
vn -0.8741 -0.3278 0.3585
vn 0.0003 -0.0997 0.9950
vn -0.0001 -0.7295 0.6840
vn -0.0002 -0.7415 0.6710
vn -0.0002 0.8683 0.4961
vn -0.0002 -0.9062 0.4228
vn -0.0004 0.8682 0.4963
vn -0.0000 -0.7242 0.6896
vn -0.9487 0.3162 0.0001
vn 0.0002 -0.7294 0.6841
vn -0.0000 -0.9995 0.0315
vn -0.9999 0.0167 -0.0006
vn -0.9998 0.0145 0.0112
vn -1.0000 -0.0003 0.0001
vn -0.9997 0.0229 -0.0000
vn -0.5544 -0.6652 -0.5001
vn -1.0000 -0.0003 -0.0010
vn -1.0000 0.0029 -0.0000
vn -1.0000 -0.0004 -0.0001
vn -0.8149 -0.5433 -0.2021
vn 1.0000 -0.0046 0.0019
vn 1.0000 0.0002 0.0001
vn 0.9992 -0.0000 0.0389
vn 1.0000 -0.0054 -0.0003
vn 1.0000 -0.0004 0.0001
vn 0.7922 0.1035 -0.6015
vn 0.8550 0.0013 -0.5187
vn 0.5915 0.7973 -0.1199
vn 0.7847 0.4886 -0.3814
vn 0.3822 -0.7056 -0.5966
vn 1.0000 0.0078 -0.0060
vn 0.9999 0.0140 -0.0028
vn 1.0000 -0.0007 0.0002
vn 1.0000 0.0006 0.0003
vn 1.0000 0.0005 0.0003
vn 0.6134 0.6691 0.4196
vn 1.0000 -0.0004 -0.0002
vn 1.0000 -0.0005 -0.0003
vn 0.9811 -0.1572 -0.1129
vn 0.2853 -0.7767 -0.5616
vn 0.3885 -0.7467 -0.5399
vn 1.0000 0.0031 0.0021
vn 1.0000 0.0020 0.0015
vn 1.0000 0.0033 0.0022
vn 1.0000 0.0004 0.0002
vn 0.6932 -0.6987 -0.1769
vn 0.9999 0.0138 0.0062
vn 1.0000 -0.0001 0.0002
vn 1.0000 -0.0003 -0.0001
vn 0.8854 0.3935 0.2472
vn 0.8321 -0.5547 -0.0000
vn 0.9768 0.2141 -0.0000
vn 0.9869 0.1611 -0.0000
vn 1.0000 0.0007 -0.0000
vn 1.0000 -0.0032 -0.0000
vn 0.9947 -0.0000 0.1033
vn -0.9112 0.4050 0.0757
vn -1.0000 -0.0056 -0.0079
vn 1.0000 0.0003 -0.0000
vn 0.9994 -0.0053 -0.0349
vn 0.9997 -0.0150 -0.0182
vn 1.0000 -0.0004 0.0034
vn 0.9999 0.0013 0.0122
vn 0.9992 -0.0010 0.0405
vn 0.1046 -0.9944 0.0124
vn 0.9988 0.0130 0.0467
vn 0.9982 0.0141 0.0579
vn 1.0000 -0.0000 -0.0003
vn 0.9998 -0.0009 -0.0208
vn 0.9995 0.0003 0.0326
vn 0.6398 0.7674 -0.0420
vn 0.9999 0.0028 -0.0133
vn 0.0001 0.9216 0.3880
vn 0.0002 0.9128 0.4084
vn -0.0000 -0.9184 0.3956
vn -0.7020 0.7020 0.1203
vn -0.3962 0.0743 -0.9152
vn -0.7072 -0.0851 -0.7018
vn -0.7071 -0.7072 0.0001
vn -0.9629 0.0370 0.2672
vn -0.2915 -0.9566 0.0012
vn -0.6158 -0.0849 -0.7833
vn -0.9998 -0.0104 -0.0166
vn -1.0000 -0.0000 0.0003
vn -0.4144 0.8288 0.3759
vn -0.9326 -0.0495 -0.3575
vn -1.0000 0.0003 0.0005
vn -1.0000 -0.0000 0.0005
vn -0.3434 0.6868 0.6407
vn -0.8025 -0.5836 -0.1244
vn -0.5485 -0.8228 -0.1490
vn -1.0000 -0.0001 0.0004
vn -0.9289 -0.3483 -0.1260
vn -0.8509 0.4862 0.1987
vn -1.0000 -0.0003 0.0004
vn -0.9137 0.4061 0.0161
vn -0.2398 0.9593 0.1491
vn -0.0000 0.9917 0.1284
vn -0.7551 0.6473 0.1041
vn -0.7305 0.6743 0.1083
vn -0.9353 0.3401 -0.0974
vn -0.8944 -0.4472 0.0110
vn -0.6740 -0.7353 0.0706
vn -1.0000 -0.0000 -0.0065
vn -1.0000 0.0002 0.0003
vn -0.4264 0.9030 -0.0523
vn -0.7071 -0.7071 0.0001
vn -1.0000 0.0017 0.0006
vn -0.9806 0.1961 -0.0000
vn -0.5320 0.7979 -0.2834
vn -1.0000 0.0008 -0.0000
vn -1.0000 -0.0009 0.0006
vn -0.7271 0.6059 -0.3229
vn -0.8926 -0.4463 0.0641
vn -0.5529 0.8294 -0.0794
vn -0.7393 0.6721 0.0420
vn -0.9978 -0.0000 0.0669
vn -0.6583 -0.7524 0.0222
vn -1.0000 -0.0001 0.0006
vn -1.0000 0.0005 -0.0001
vn -1.0000 0.0010 -0.0001
vn -1.0000 -0.0003 0.0006
vn -1.0000 0.0001 0.0003
vn -0.0000 0.9988 -0.0485
vn -0.5412 0.6765 -0.4994
vn -0.0000 -0.5814 0.8136
vn -1.0000 0.0001 0.0002
vn -1.0000 0.0010 -0.0008
vn -0.5050 0.6313 -0.5886
vn -1.0000 0.0011 0.0002
vn -0.9912 -0.1239 0.0460
vn -0.0000 -0.5815 0.8135
vn -0.9606 0.2401 0.1400
vn -0.1768 0.8840 0.4328
vn 0.1949 -0.9744 0.1119
vn -0.0000 -1.0000 0.0016
vn 0.9762 0.2169 -0.0003
vn -0.0000 0.9851 0.1723
vn -0.0000 -0.9955 0.0953
vn 0.7212 -0.5409 0.4327
vn -0.0000 -0.7886 0.6149
vn -0.8897 -0.4448 -0.1032
vn -0.8069 0.5379 0.2441
vn 0.9663 -0.2416 0.0895
vn 0.7069 -0.7073 0.0022
vn -1.0000 -0.0004 0.0004
vn 0.0006 0.0171 0.9999
vn 0.0312 0.9991 -0.0291
vn -0.9785 -0.2060 0.0004
vn 1.0000 0.0009 -0.0095
vn 0.9997 -0.0196 -0.0134
vn 1.0000 -0.0015 0.0008
vn 1.0000 0.0008 -0.0000
vn 1.0000 0.0037 0.0025
vn 1.0000 0.0032 0.0022
vn 1.0000 -0.0000 0.0001
vn 1.0000 0.0001 -0.0001
vn 0.9939 -0.1104 -0.0000
vn 0.3511 -0.9363 -0.0000
vn 0.9868 0.1622 -0.0000
vn 0.8403 -0.5421 -0.0000
vn 0.9932 -0.0000 0.1160
vn -1.0000 -0.0033 0.0013
vn -0.9982 -0.0444 0.0415
vn -0.9999 0.0112 -0.0000
vn 1.0000 0.0004 -0.0000
vt 0.372000 0.456300
vt 0.372400 0.455400
vt 0.372000 0.455600
vt 0.369700 0.457300
vt 0.356500 0.602300
vt 0.347800 0.597500
vt 0.364200 0.465900
vt 0.368100 0.459500
vt 0.354700 0.474000
vt 0.362500 0.466500
vt 0.363900 0.461100
vt 0.365100 0.459800
vt 0.367300 0.459000
vt 0.369700 0.456500
vt 0.370000 0.454200
vt 0.372000 0.453500
vt 0.033300 0.542500
vt 0.039400 0.567900
vt 0.030000 0.528900
vt 0.371900 0.610200
vt 0.369700 0.458000
vt 0.370000 0.609000
vt 0.370300 0.610000
vt 0.369900 0.609800
vt 0.368600 0.609300
vt 0.368400 0.608600
vt 0.368000 0.609000
vt 0.366100 0.607900
vt 0.365200 0.607600
vt 0.361000 0.606100
vt 0.360500 0.605100
vt 0.362900 0.606700
vt 0.360600 0.605800
vt 0.047800 0.583300
vt 0.035400 0.542300
vt 0.043000 0.566900
vt 0.188100 0.471400
vt 0.197800 0.474400
vt 0.353000 0.474500
vt 0.334200 0.478800
vt 0.351200 0.475000
vt 0.332500 0.479000
vt 0.330900 0.480200
vt 0.320400 0.480700
vt 0.319100 0.481900
vt 0.309500 0.481200
vt 0.303100 0.477100
vt 0.310900 0.480500
vt 0.304300 0.476600
vt 0.312200 0.479800
vt 0.301700 0.477700
vt 0.296600 0.476000
vt 0.291900 0.471700
vt 0.294200 0.477100
vt 0.280800 0.477200
vt 0.289600 0.473700
vt 0.269300 0.479500
vt 0.268400 0.480000
vt 0.267500 0.480500
vt 0.260500 0.480200
vt 0.268300 0.479600
vt 0.259800 0.480200
vt 0.259800 0.479900
vt 0.238500 0.472900
vt 0.239100 0.472200
vt 0.239600 0.471600
vt 0.249200 0.477000
vt 0.089600 0.474500
vt 0.088700 0.473500
vt 0.090000 0.474100
vt 0.080500 0.463900
vt 0.086500 0.471100
vt 0.079000 0.463200
vt 0.077700 0.462500
vt 0.058300 0.436300
vt 0.057400 0.436100
vt 0.057600 0.435400
vt 0.056700 0.435300
vt 0.051600 0.435000
vt 0.049900 0.433900
vt 0.065000 0.444500
vt 0.971400 0.554400
vt 0.967600 0.549200
vt 0.976600 0.562600
vt 0.975200 0.559500
vt 0.380900 0.619200
vt 0.370100 0.688600
vt 0.380700 0.443000
vt 0.373600 0.378900
vt 0.379300 0.380000
vt 0.362700 0.447100
vt 0.332000 0.478200
vt 0.318300 0.480100
vt 0.077700 0.461700
vt 0.056300 0.433900
vt 0.310200 0.479200
vt 0.048500 0.432400
vt 0.307600 0.479100
vt 0.038300 0.455900
vt 0.302400 0.475700
vt 0.030000 0.480900
vt 0.294700 0.475100
vt 0.027400 0.497900
vt 0.290100 0.471700
vt 0.029600 0.521200
vt 0.278900 0.476500
vt 0.031900 0.541300
vt 0.267500 0.478600
vt 0.039700 0.566300
vt 0.258900 0.479000
vt 0.046400 0.582200
vt 0.247800 0.476100
vt 0.061200 0.592000
vt 0.238200 0.470800
vt 0.072300 0.595400
vt 0.225200 0.462400
vt 0.214000 0.466800
vt 0.371700 0.609500
vt 0.371700 0.451900
vt 0.349200 0.597300
vt 0.207600 0.471700
vt 0.354100 0.600400
vt 0.202600 0.472100
vt 0.362400 0.605900
vt 0.360200 0.604400
vt 0.196900 0.472400
vt 0.362700 0.606100
vt 0.367900 0.608000
vt 0.187100 0.469400
vt 0.371700 0.609100
vt 0.180200 0.464700
vt 0.167800 0.452700
vt 0.157900 0.452400
vt 0.148300 0.452700
vt 0.365100 0.611500
vt 0.371500 0.454100
vt 0.133000 0.469800
vt 0.366800 0.457500
vt 0.122700 0.475100
vt 0.362400 0.462100
vt 0.371400 0.456700
vt 0.110100 0.477400
vt 0.370800 0.457300
vt 0.097900 0.477000
vt 0.361900 0.465100
vt 0.352500 0.473100
vt 0.088300 0.473100
vt 0.307500 0.479100
vt 0.366100 0.607300
vt 0.366100 0.458300
vt 0.365600 0.458800
vt 0.878600 0.465400
vt 0.880600 0.466700
vt 0.882600 0.468000
vt 0.892600 0.565000
vt 0.883900 0.567000
vt 0.875200 0.569000
vt 0.886600 0.470700
vt 0.891600 0.473900
vt 0.896500 0.477100
vt 0.962700 0.542600
vt 0.957700 0.536000
vt 0.955100 0.532400
vt 0.952500 0.528700
vt 0.738400 0.613800
vt 0.743500 0.609500
vt 0.945800 0.521800
vt 0.939000 0.514900
vt 0.760900 0.602000
vt 0.778300 0.594400
vt 0.845400 0.460800
vt 0.841800 0.460100
vt 0.933200 0.509400
vt 0.927300 0.503900
vt 0.784500 0.593000
vt 0.790600 0.591600
vt 0.923500 0.501600
vt 0.919600 0.499200
vt 0.798900 0.589100
vt 0.807300 0.586500
vt 0.915900 0.496700
vt 0.912100 0.494100
vt 0.820500 0.582600
vt 0.833800 0.578700
vt 0.914100 0.488500
vt 0.906500 0.483600
vt 0.845800 0.575800
vt 0.857800 0.572900
vt 0.908300 0.563600
vt 0.924000 0.562100
vt 0.601900 0.626600
vt 0.494600 0.624100
vt 0.871700 0.464800
vt 0.864800 0.464300
vt 0.945400 0.563200
vt 0.966700 0.564300
vt 0.390100 0.533500
vt 0.391000 0.450200
vt 0.856900 0.462900
vt 0.849100 0.461600
vt 0.966700 0.564000
vt 0.978000 0.565800
vt 0.494000 0.535300
vt 0.592000 0.451900
vt 0.597900 0.537100
vt 0.779400 0.458000
vt 0.921500 0.500400
vt 0.916200 0.562900
vt 0.496400 0.619900
vt 0.868300 0.464500
vt 0.956000 0.563800
vt 0.853000 0.462300
vt 0.972400 0.564900
vt 0.491500 0.451100
vt 0.592100 0.451900
vt 0.654500 0.453500
vt 0.716900 0.455100
vt 0.975900 0.561100
vt 0.969500 0.551800
vt 0.724900 0.623200
vt 0.692800 0.627100
vt 0.662500 0.626900
vt 0.960200 0.539300
vt 0.733200 0.618100
vt 0.731100 0.619400
vt 0.729100 0.620700
vt 0.843600 0.460500
vt 0.953800 0.530600
vt 0.740900 0.611700
vt 0.942400 0.518400
vt 0.769600 0.598200
vt 0.930300 0.506700
vt 0.787500 0.592300
vt 0.803100 0.587800
vt 0.914000 0.495400
vt 0.827100 0.580600
vt 0.910300 0.486000
vt 0.851800 0.574300
vt 0.839800 0.577200
vt 0.916200 0.495100
vt 0.910300 0.498200
vt 0.813900 0.584600
vt 0.917700 0.497900
vt 0.794800 0.590300
vt 0.925400 0.502800
vt 0.781400 0.593700
vt 0.936100 0.512200
vt 0.752200 0.605800
vt 0.949100 0.525300
vt 0.735800 0.616000
vt 0.956400 0.534200
vt 0.847200 0.461200
vt 0.727000 0.621900
vt 0.965200 0.545900
vt 0.973300 0.556900
vt 0.595000 0.494400
vt 0.977300 0.564200
vt 0.972600 0.565200
vt 0.860900 0.463600
vt 0.387300 0.621600
vt 0.389100 0.617400
vt 0.934700 0.562700
vt 0.875100 0.465100
vt 0.900500 0.564300
vt 0.901500 0.480400
vt 0.866500 0.570900
vt 0.884600 0.469400
vt 0.349700 0.598700
vt 0.362900 0.463500
vt 0.369900 0.458800
vt 0.031000 0.522500
vt 0.033100 0.522500
vt 0.180700 0.467400
vt 0.159300 0.454500
vt 0.075100 0.595600
vt 0.306800 0.481100
vt 0.308200 0.480500
vt 0.248600 0.477500
vt 0.259700 0.480800
vt 0.365700 0.381100
vt 0.592100 0.451800
vt 0.716900 0.455900
vt 0.364400 0.607300
vt 0.368600 0.459000
vt 0.363300 0.464400
vt 0.354600 0.601800
vt 0.352600 0.600500
vt 0.351400 0.599700
vt 0.349300 0.598400
vt 0.371300 0.458700
vt 0.371900 0.458100
vt 0.360500 0.467100
vt 0.364400 0.460600
vt 0.026500 0.508100
vt 0.027000 0.499000
vt 0.029600 0.481900
vt 0.038000 0.456600
vt 0.048300 0.433000
vt 0.056100 0.434500
vt 0.031600 0.542700
vt 0.072300 0.597300
vt 0.073600 0.596500
vt 0.039700 0.457400
vt 0.061000 0.593900
vt 0.062500 0.593100
vt 0.031400 0.482300
vt 0.046200 0.584000
vt 0.028800 0.499300
vt 0.041100 0.567500
vt 0.041600 0.458200
vt 0.064200 0.592300
vt 0.033400 0.482800
vt 0.049700 0.582600
vt 0.030900 0.499600
vt 0.098200 0.477700
vt 0.317500 0.482100
vt 0.295400 0.477100
vt 0.290700 0.473000
vt 0.279800 0.477800
vt 0.278700 0.478400
vt 0.259000 0.480900
vt 0.099200 0.478300
vt 0.247900 0.478100
vt 0.100300 0.478900
vt 0.111300 0.479300
vt 0.112300 0.479300
vt 0.215000 0.468600
vt 0.225600 0.464500
vt 0.214600 0.468900
vt 0.124100 0.477200
vt 0.124800 0.477100
vt 0.135100 0.471000
vt 0.150000 0.454100
vt 0.169000 0.454800
vt 0.208200 0.473700
vt 0.203400 0.474100
vt 0.308100 0.477000
vt 0.168700 0.454000
vt 0.168500 0.453400
vt 0.158500 0.453000
vt 0.149000 0.453200
vt 0.133700 0.470400
vt 0.110400 0.478300
vt 0.123200 0.476000
vt 0.180500 0.466100
vt 0.188100 0.470300
vt 0.214800 0.467900
vt 0.215200 0.467700
vt 0.226100 0.462000
vt 0.226400 0.463200
vt 0.379200 0.687100
vt 0.376700 0.688400
vt 0.373400 0.688500
vt 0.366900 0.687000
vt 0.391400 0.449600
vt 0.364300 0.395700
vt 0.369400 0.378500
vt 0.378200 0.379500
vt 0.600800 0.579800
vt 0.632200 0.626800
vt 0.840800 0.474900
vt 0.837800 0.519400
vt 0.838800 0.504600
vt 0.839800 0.489700
vt 0.835800 0.549000
vt 0.836800 0.534200
vt 0.834800 0.563800
vt 0.226100 0.463800
s 1
usemtl Material.001
f 10/1/1 9/1/1 1/2/1
f 4/1/2 10/1/3 5/3/3
f 10/1/4 79/4/5 5/3/5
f 163/5/6 69/6/7 130/7/7
f 128/8/8 131/9/7 125/10/9
f 14/11/10 12/12/11 121/13/12
f 79/4/13 11/14/13 5/3/13
f 5/3/14 80/15/15 81/16/16
f 110/17/17 159/18/7 3/19/7
f 7/20/18 120/21/19 10/1/4
f 78/22/20 7/20/18 168/23/21
f 168/23/21 167/24/7 78/22/20
f 78/22/20 166/25/7 77/26/7
f 77/26/7 166/25/7 165/27/7
f 165/27/7 76/28/7 77/26/7
s 0
f 119/29/22 75/29/22 76/28/22
s 1
f 166/25/7 78/22/20 167/24/7
f 72/30/7 164/31/7 73/32/7
f 71/33/7 163/5/23 164/31/7
f 112/34/7 110/17/17 64/35/7
f 65/36/24 43/37/7 42/38/25
f 126/39/7 132/40/7 17/41/26
f 17/41/27 132/40/7 18/42/7
f 18/42/7 19/43/7 133/44/7
f 133/44/7 19/43/7 20/45/7
f 22/46/7 84/47/7 82/48/7
f 82/48/7 136/49/7 134/50/7
f 24/51/7 137/52/7 84/47/7
s 0
f 85/53/22 86/53/22 26/54/22
f 87/55/22 88/55/22 28/56/22
f 89/57/22 31/58/22 90/57/22
s 1
f 31/58/7 32/59/7 91/60/27
f 32/59/28 138/61/28 91/60/28
f 91/60/7 92/62/7 139/63/29
f 92/62/7 36/64/30 139/63/7
f 94/65/31 141/66/31 140/67/32
f 99/68/23 100/69/23 55/70/33
f 100/69/23 56/71/7 55/70/33
f 55/70/33 54/72/34 99/68/23
f 56/71/7 100/69/23 101/73/7
f 152/74/7 102/75/7 101/73/7
f 102/75/7 58/76/7 103/77/7
f 103/77/7 58/76/7 104/78/7
f 104/78/7 58/76/7 59/79/7
f 59/79/7 105/80/7 104/78/7
f 57/81/7 101/73/7 102/75/7
s 0
f 624/82/22 388/83/22 473/82/22
f 623/84/22 387/85/22 472/84/22
s 1
f 197/86/35 857/87/36 205/88/37
f 1752/89/38 204/90/39 201/91/40
s 0
f 212/92/22 265/93/22 264/92/22
s 1
f 291/94/41 344/95/41 343/94/41
s 0
f 239/94/22 292/95/22 291/94/22
f 213/93/22 266/96/22 265/93/22
f 240/95/22 293/97/22 292/95/22
f 214/96/22 267/98/22 266/96/22
f 241/97/22 294/99/22 293/97/22
f 215/98/22 268/100/22 267/98/22
f 242/99/22 295/101/22 294/99/22
f 216/100/42 269/102/42 268/100/42
f 243/101/22 296/103/22 295/101/22
f 217/102/22 270/104/22 269/102/22
f 244/103/22 297/105/22 296/103/22
f 218/104/22 271/106/22 270/104/22
f 245/105/22 298/107/22 297/105/22
f 219/106/22 272/108/22 271/106/22
f 246/107/22 299/109/22 298/107/22
f 220/108/22 273/110/22 272/108/22
f 247/109/22 300/111/22 299/109/22
f 221/110/22 274/112/22 273/110/22
f 248/111/22 301/113/22 300/111/22
f 222/112/22 275/114/22 274/112/22
f 249/113/22 302/115/22 301/113/22
f 223/114/22 276/116/22 275/114/22
f 250/115/22 303/115/22 302/115/22
f 224/116/22 277/117/22 276/116/22
f 201/91/22 257/118/22 258/119/22
f 251/115/42 304/120/42 303/115/42
f 225/117/22 278/121/22 277/117/22
f 252/120/22 305/122/22 304/120/22
f 226/121/22 279/123/22 278/121/22
s 1
f 372/124/43 369/124/44 363/125/45
s 0
f 227/123/22 280/126/22 279/123/22
f 254/127/22 307/128/22 306/127/22
f 228/126/22 281/129/22 280/126/22
f 255/128/22 308/130/22 307/128/22
f 229/129/22 282/131/22 281/129/22
f 256/130/22 258/119/22 308/130/22
f 230/131/22 283/132/22 282/131/22
f 231/132/22 284/133/22 283/132/22
f 232/133/22 285/134/22 284/133/22
f 200/135/22 259/136/22 257/118/22
f 233/134/22 286/137/22 285/134/22
f 207/136/22 260/138/22 259/136/22
f 234/137/22 287/139/22 286/137/22
s 1
f 374/140/46 261/141/47 371/140/48
s 0
f 235/139/22 288/142/22 287/139/22
s 1
f 209/141/49 365/143/50 362/143/51
s 0
f 236/142/22 289/144/22 288/142/22
f 210/145/22 263/146/22 262/145/22
f 237/144/22 290/147/22 289/144/22
f 211/146/22 264/92/22 263/146/22
f 238/147/22 291/94/22 290/147/22
s 1
f 265/93/52 318/96/52 317/93/52
f 293/97/53 344/95/53 292/95/53
f 267/98/54 318/96/54 266/96/54
f 294/99/55 345/97/55 293/97/55
f 268/100/56 319/148/56 267/98/56
f 294/99/57 347/101/57 346/99/57
f 269/102/58 320/100/58 268/100/58
f 296/103/59 347/101/59 295/101/59
f 269/102/60 322/104/60 321/102/61
f 296/103/62 349/105/62 348/103/62
f 270/104/63 323/106/63 322/104/63
f 297/105/64 350/107/64 349/105/64
f 272/108/65 323/106/65 271/106/65
f 299/109/66 350/107/66 298/107/66
f 272/108/67 325/110/67 324/108/67
f 300/111/68 351/109/68 299/109/68
f 274/112/69 325/110/70 273/110/70
f 301/113/71 352/111/72 300/111/72
f 275/114/73 326/112/69 274/112/69
f 301/113/74 354/115/74 353/113/74
f 276/116/75 327/114/75 275/114/75
s 0
f 302/115/22 355/115/22 354/115/22
s 1
f 277/117/76 328/116/76 276/116/76
f 303/115/77 356/120/77 355/115/77
f 277/117/78 330/121/78 329/117/78
f 304/120/79 357/122/80 356/120/80
f 279/123/81 330/121/82 278/121/82
f 363/125/83 358/127/83 357/122/83
f 279/123/81 332/126/84 331/123/81
f 307/128/85 373/149/85 368/127/85
f 280/126/86 333/129/86 332/126/86
f 308/130/87 359/128/87 307/128/87
f 281/129/88 334/131/88 333/129/88
f 258/119/89 360/130/89 308/130/89
f 282/131/90 335/132/90 334/131/90
f 284/133/91 335/132/91 283/132/91
f 284/133/92 337/134/92 336/133/93
f 285/134/94 338/137/94 337/134/94
f 260/138/95 311/136/95 259/136/95
f 287/139/96 338/137/96 286/137/96
f 260/138/97 370/150/98 312/138/97
f 287/139/99 340/142/99 339/139/99
f 261/141/100 362/143/100 366/141/100
f 288/142/101 341/144/101 340/142/101
f 262/145/102 315/146/102 314/145/102
f 289/144/103 342/147/103 341/144/103
f 263/146/104 316/92/104 315/146/104
f 290/147/105 343/94/105 342/147/105
f 265/93/106 316/92/106 264/92/106
f 364/151/107 366/141/97 313/141/97
f 363/125/83 368/127/83 361/127/108
f 362/143/100 314/145/100 313/141/100
f 368/127/83 369/124/109 306/127/110
f 371/140/97 366/141/97 364/151/107
f 373/149/85 361/127/85 368/127/85
f 546/152/111 660/153/112 536/154/111
f 544/155/113 646/156/114 522/157/113
f 485/158/115 659/159/116 535/160/117
s 0
f 619/161/22 389/162/22 474/161/22
f 618/163/22 390/164/22 475/163/22
f 617/165/22 377/166/22 462/165/22
f 616/167/22 391/168/22 476/167/22
f 615/169/22 378/170/22 463/169/22
f 614/171/22 400/172/22 486/171/22
f 613/173/22 392/174/22 477/173/22
f 612/175/22 379/176/22 464/175/22
f 611/177/22 393/178/22 478/177/22
f 610/179/22 380/180/22 465/179/22
f 609/181/22 394/182/22 479/181/22
f 608/183/22 381/184/22 466/183/22
f 607/185/22 395/186/22 480/185/22
f 606/187/22 382/188/22 467/187/22
f 605/160/22 396/158/22 481/160/22
f 604/157/22 383/155/22 468/157/22
f 603/154/22 397/152/22 482/154/22
f 602/189/22 384/190/22 469/189/22
f 1371/191/22 460/192/22 1240/191/22
f 601/193/22 398/194/22 483/193/22
f 600/195/22 385/196/22 470/195/22
f 432/197/22 376/198/22 461/197/22
f 599/199/22 399/200/22 484/199/22
f 598/201/22 386/202/22 471/201/22
s 1
f 597/203/118 404/204/118 513/205/118
f 408/170/119 410/180/119 642/206/119
f 526/84/119 419/162/119 656/207/119
f 547/190/120 647/208/121 523/189/120
f 548/191/122 510/209/122 401/191/122
f 549/194/123 661/210/124 537/193/123
f 550/196/125 648/211/126 524/195/125
f 376/198/127 511/197/128 461/197/129
f 551/200/130 662/212/131 538/199/132
f 552/202/133 649/213/134 525/201/134
f 1339/214/135 1243/204/135 553/204/135
f 554/215/136 632/216/137 539/217/136
f 556/85/138 650/218/139 526/84/140
f 589/205/141 401/191/142 513/205/141
f 588/205/143 548/191/144 540/205/143
f 557/83/145 651/219/146 527/82/147
f 558/220/148 625/221/149 514/222/148
f 559/162/150 652/223/151 528/161/150
f 560/224/152 626/225/152 515/226/153
f 555/172/154 664/227/155 542/171/156
f 561/164/157 653/228/158 529/163/159
f 562/166/160 627/229/161 516/165/162
f 563/168/163 654/230/164 530/167/165
f 564/170/166 628/231/167 517/169/166
f 565/174/168 655/232/169 531/173/170
f 566/176/171 629/233/172 518/175/173
f 567/178/174 656/207/175 532/177/174
f 568/180/176 630/234/177 519/179/178
f 569/182/179 657/235/179 533/181/179
f 570/184/180 631/236/181 520/183/182
f 543/186/183 658/237/184 534/185/184
f 545/188/185 645/238/186 521/187/186
f 571/187/186 665/239/186 411/184/187
f 467/187/186 570/184/186 381/184/186
f 382/188/185 571/187/186 467/187/186
f 572/185/184 678/240/188 424/241/189
f 394/182/184 572/185/184 569/182/190
f 480/185/191 543/186/183 572/185/184
f 573/183/182 641/242/192 410/180/176
f 380/180/193 573/183/182 568/180/176
f 381/184/182 573/183/182 466/183/182
f 574/181/179 677/243/179 423/178/179
f 479/181/179 567/178/179 393/178/194
f 479/181/179 569/182/179 574/181/179
f 575/179/178 640/244/195 409/176/196
f 465/179/178 566/176/178 379/176/195
f 465/179/178 568/180/176 575/179/178
f 576/177/197 676/245/198 422/174/199
f 392/174/197 576/177/197 565/174/174
f 393/178/174 576/177/197 478/177/197
f 577/175/171 639/246/172 408/170/171
f 378/170/173 577/175/171 564/170/173
f 464/175/171 566/176/171 577/175/171
f 578/173/200 675/247/201 421/168/202
f 477/173/200 563/168/203 391/168/168
f 392/174/200 578/173/200 477/173/200
f 579/169/166 638/248/204 407/166/166
f 377/166/166 579/169/166 562/166/166
f 378/170/166 579/169/166 463/169/166
f 580/167/165 674/249/205 420/164/206
f 476/167/165 561/164/163 390/164/163
f 391/168/163 580/167/165 476/167/165
f 581/165/162 637/250/160 406/224/207
f 1245/224/160 581/165/162 560/224/162
f 462/165/160 562/166/160 581/165/162
f 582/163/159 673/251/208 419/162/209
f 475/163/210 559/162/159 389/162/211
f 475/163/210 561/164/157 582/163/159
f 583/171/212 684/252/213 429/200/156
f 486/171/154 551/200/156 399/200/156
f 400/172/212 583/171/212 486/171/154
f 584/226/153 636/253/214 405/220/215
f 1342/226/153 558/220/215 1244/220/215
f 1245/224/152 584/226/153 1342/226/153
f 585/161/216 672/254/217 418/83/218
f 474/161/216 557/83/216 388/83/219
f 389/162/219 585/161/216 474/161/216
f 586/222/148 514/222/148 401/191/220
f 1240/191/148 586/222/148 548/191/148
f 1244/220/149 586/222/148 1341/222/148
f 587/82/221 671/255/222 417/85/223
f 473/82/224 556/85/147 387/85/145
f 473/82/224 557/83/145 587/82/221
f 588/205/225 633/256/226 431/215/227
f 1367/205/228 554/215/227 1270/215/229
f 1240/191/230 588/205/225 1367/205/228
f 553/204/231 513/205/232 404/204/232
f 1340/205/233 553/204/231 1243/204/234
f 1240/191/235 589/205/236 1340/205/233
f 590/84/138 670/257/237 416/202/238
f 386/202/140 590/84/138 552/202/140
f 472/84/239 556/85/138 590/84/138
f 591/217/240 642/206/241 430/172/242
f 1366/217/243 555/172/244 400/172/244
f 1366/217/243 554/215/136 591/217/245
f 1339/214/135 553/204/135 512/214/135
f 512/214/135 553/204/135 404/204/135
f 376/198/135 512/214/135 403/198/135
f 592/201/134 669/258/133 415/196/134
f 471/201/134 550/196/134 385/196/134
f 386/202/133 592/201/134 471/201/134
f 593/199/132 682/259/246 428/194/132
f 398/194/130 593/199/132 549/194/130
f 484/199/132 551/200/130 593/199/132
f 375/260/247 511/197/128 402/261/248
f 594/195/125 668/262/125 414/190/125
f 384/190/125 594/195/125 547/190/125
f 385/196/125 594/195/125 470/195/125
f 595/193/123 681/263/249 427/152/123
f 483/193/123 546/152/123 397/152/123
f 483/193/123 549/194/123 595/193/123
f 548/191/250 460/192/250 510/209/250
f 1240/191/250 460/192/250 548/191/250
f 460/192/250 402/261/250 510/209/250
f 596/189/120 667/264/251 413/155/120
f 469/189/120 544/155/120 383/155/120
f 469/189/120 547/190/120 596/189/120
f 510/209/252 513/205/253 401/191/254
f 402/261/255 597/203/256 510/209/252
f 511/197/118 512/214/118 597/203/118
s 0
f 171/198/42 1339/214/42 376/198/42
f 509/196/22 471/201/22 385/196/22
f 180/196/22 598/201/22 509/196/22
f 442/201/22 487/202/22 598/201/22
f 508/194/22 484/199/22 398/194/22
f 193/194/22 599/199/22 508/194/22
f 455/199/22 495/200/22 599/199/22
s 1
f 170/261/257 461/197/129 375/260/247
s 0
f 507/190/22 470/195/22 384/190/22
f 179/190/22 600/195/22 507/190/22
f 441/195/22 509/196/22 600/195/22
f 506/152/22 483/193/22 397/152/22
f 192/152/22 601/193/22 506/152/22
f 454/193/22 508/194/22 601/193/22
s 1
f 1371/191/250 1302/209/250 460/192/250
f 170/261/250 460/192/250 1302/209/250
s 0
f 505/155/22 469/189/22 383/155/22
f 178/155/22 602/189/22 505/155/22
f 440/189/22 507/190/22 602/189/22
f 504/158/22 482/154/22 396/158/22
f 191/158/22 603/154/22 504/158/22
f 453/154/22 506/152/22 603/154/22
f 503/188/22 468/157/22 382/188/22
f 177/188/22 604/157/22 503/188/22
f 439/157/22 505/155/22 604/157/22
f 502/186/22 481/160/22 395/186/22
f 190/186/22 605/160/22 502/186/22
f 452/160/22 504/158/22 605/160/22
f 501/184/22 467/187/22 381/184/22
f 176/184/22 606/187/22 501/184/22
f 438/187/22 503/188/22 606/187/22
f 500/182/22 480/185/22 394/182/22
f 189/182/22 607/185/22 500/182/22
f 451/185/22 502/186/22 607/185/22
f 499/180/22 466/183/22 380/180/22
f 175/180/22 608/183/22 499/180/22
f 437/183/22 501/184/22 608/183/22
f 498/178/22 479/181/22 393/178/22
f 188/178/22 609/181/22 498/178/22
f 450/181/22 500/182/22 609/181/22
f 497/176/22 465/179/22 379/176/22
f 174/176/22 610/179/22 497/176/22
f 436/179/22 499/180/22 610/179/22
f 496/174/22 478/177/22 392/174/22
f 187/174/22 611/177/22 496/174/22
f 449/177/22 498/178/22 611/177/22
f 494/170/22 464/175/22 378/170/22
f 173/170/22 612/175/22 494/170/22
f 435/175/22 497/176/22 612/175/22
f 493/168/22 477/173/22 391/168/22
f 186/168/22 613/173/22 493/168/22
f 448/173/22 496/174/22 613/173/22
f 495/200/22 486/171/22 399/200/22
f 194/200/22 614/171/22 495/200/22
f 459/171/22 489/172/22 614/171/22
f 492/166/22 463/169/22 377/166/22
f 172/166/22 615/169/22 492/166/22
f 434/169/22 494/170/22 615/169/22
f 491/164/22 476/167/22 390/164/22
f 185/164/22 616/167/22 491/164/22
f 447/167/22 493/168/22 616/167/22
f 1378/224/22 462/165/22 1245/224/22
f 1035/224/22 617/165/22 1378/224/22
f 433/165/22 492/166/22 617/165/22
f 490/162/22 475/163/22 389/162/22
f 184/162/22 618/163/22 490/162/22
f 446/163/22 491/164/22 618/163/22
f 488/83/22 474/161/22 388/83/22
f 183/83/22 619/161/22 488/83/22
f 445/161/22 490/162/22 619/161/22
f 489/172/22 1366/217/22 400/172/22
s 1
f 196/172/258 1510/217/5 489/172/22
f 620/160/259 679/265/116 425/186/260
f 481/160/259 543/186/183 395/186/261
f 396/158/262 620/160/259 481/160/259
f 621/157/113 666/266/263 412/188/264
f 468/157/265 545/188/185 382/188/185
f 383/155/113 621/157/113 468/157/265
f 622/154/266 680/267/266 426/158/267
f 396/158/262 622/154/266 485/158/115
f 482/154/266 546/152/111 622/154/266
s 0
f 487/202/22 472/84/22 386/202/22
f 181/202/22 623/84/22 487/202/22
f 443/84/22 458/85/22 623/84/22
f 458/85/22 473/82/22 387/85/22
f 182/85/22 624/82/22 458/85/22
f 444/82/22 488/83/22 624/82/22
s 1
f 696/1/268 695/1/268 687/2/268
f 690/1/269 696/1/270 691/3/271
f 696/1/270 765/4/21 691/3/271
f 849/5/27 755/6/7 816/7/272
f 814/8/273 817/9/7 811/10/7
f 700/11/10 698/12/274 807/13/275
f 765/4/21 697/14/276 691/3/271
f 691/3/271 766/15/277 767/16/27
f 796/17/25 845/18/7 689/19/7
f 693/20/278 806/21/279 696/1/270
f 764/22/27 693/20/278 854/23/11
f 854/23/11 853/24/11 764/22/27
f 764/22/27 852/25/31 763/26/25
f 763/26/25 852/25/31 851/27/280
f 851/27/280 762/28/11 763/26/25
s 0
f 805/29/22 761/29/22 762/28/22
s 1
f 852/25/31 764/22/27 853/24/11
f 758/30/25 850/31/7 759/32/27
f 757/33/7 849/5/27 850/31/7
f 798/34/7 796/17/25 750/35/7
f 751/36/23 729/37/7 728/38/25
f 812/39/7 818/40/7 703/41/7
f 703/41/7 818/40/7 704/42/7
f 704/42/7 705/43/7 819/44/25
f 819/44/25 705/43/7 706/45/7
f 708/46/7 770/47/7 768/48/7
f 768/48/7 822/49/7 820/50/27
f 710/51/7 823/52/7 770/47/7
s 0
f 771/53/22 772/53/22 712/54/22
f 773/55/22 774/55/22 714/56/22
f 775/57/22 717/58/22 776/57/22
s 1
f 717/58/281 718/59/7 777/60/27
f 718/59/28 824/61/28 777/60/28
f 777/60/11 778/62/11 825/63/7
f 778/62/7 722/64/30 825/63/282
f 780/65/31 827/66/25 826/67/7
f 785/68/7 786/69/27 741/70/7
f 786/69/27 742/71/7 741/70/7
f 741/70/7 740/72/274 785/68/7
f 742/71/7 786/69/27 787/73/7
f 838/74/7 788/75/7 787/73/7
f 788/75/7 744/76/25 789/77/31
f 789/77/31 744/76/25 790/78/25
f 790/78/25 744/76/25 745/79/7
f 745/79/7 791/80/31 790/78/25
f 743/81/7 787/73/7 788/75/7
f 870/1/283 861/2/283 869/1/283
f 866/1/284 865/3/285 870/1/285
f 939/4/286 870/1/287 865/3/287
f 991/9/28 977/268/28 1023/5/28
f 985/10/288 991/9/28 988/8/289
f 982/269/290 875/270/291 986/39/291
f 939/4/292 865/3/292 871/14/292
f 865/3/293 940/15/294 871/14/295
f 863/19/28 970/17/296 969/271/28
f 867/20/297 980/21/298 938/22/299
f 938/22/299 1028/23/300 867/20/297
f 1028/23/300 938/22/299 1027/24/301
f 938/22/299 937/26/28 1026/25/28
f 937/26/28 1025/27/28 1026/25/28
f 1025/27/28 937/26/28 936/28/28
s 0
f 935/29/22 979/29/22 936/28/22
s 1
f 1026/25/28 1027/24/301 938/22/299
f 1024/31/28 932/30/28 933/32/28
f 1023/5/302 931/33/28 1024/31/28
f 924/35/28 923/272/301 970/17/296
f 904/273/28 906/274/28 928/275/28
f 986/39/28 877/41/303 992/40/28
f 877/41/303 878/42/28 992/40/28
f 878/42/28 993/44/28 879/43/28
f 993/44/28 880/45/28 879/43/28
f 942/48/28 883/276/28 882/46/28
f 994/50/304 996/49/28 943/277/28
f 997/52/28 884/51/28 944/47/28
s 0
f 946/53/22 945/53/22 886/54/22
f 948/55/22 947/55/22 888/56/22
f 949/57/22 950/57/22 891/58/22
s 1
f 891/58/28 951/60/300 892/59/28
f 892/59/7 951/60/7 998/61/7
f 951/60/305 999/63/305 952/62/300
f 952/62/28 999/63/306 896/64/31
f 1001/66/30 953/278/307 893/279/308
f 959/68/28 915/70/28 960/69/28
f 960/69/28 915/70/28 916/71/28
f 915/70/28 959/68/28 914/72/28
f 916/71/28 961/73/28 960/69/28
f 962/75/28 1012/74/28 961/73/28
f 962/75/28 963/77/28 918/76/28
f 963/77/28 964/78/28 918/76/28
f 964/78/28 919/79/28 918/76/28
f 919/79/28 964/78/28 965/80/28
f 961/73/28 917/81/28 962/75/28
s 0
f 1517/82/22 1257/83/22 1373/83/22
f 1516/205/22 1240/191/22 1371/191/22
f 1515/84/22 1256/85/22 1335/85/22
s 1
f 1070/88/309 1750/87/310 1062/86/311
f 1069/90/312 1752/89/313 1068/280/314
s 0
f 1077/92/22 1130/93/22 1078/93/22
s 1
f 1156/94/315 1209/95/315 1157/95/315
s 0
f 1104/94/22 1157/95/22 1105/95/22
f 1078/93/22 1131/96/22 1079/96/22
f 1105/95/22 1158/97/22 1106/97/22
f 1079/96/22 1132/98/22 1080/98/22
f 1106/97/22 1159/99/22 1107/99/22
f 1080/98/22 1133/100/22 1081/100/22
f 1107/99/22 1160/101/22 1108/101/22
f 1081/100/42 1134/102/42 1082/102/42
f 1108/101/22 1161/103/22 1109/103/22
f 1082/102/22 1135/104/22 1083/104/22
f 1109/103/22 1162/105/22 1110/105/22
f 1083/104/22 1136/106/22 1084/106/22
f 1110/105/22 1163/107/22 1111/107/22
f 1084/106/22 1137/108/22 1085/108/22
f 1111/107/22 1164/109/22 1112/109/22
f 1085/108/22 1138/110/22 1086/110/22
f 1112/109/22 1165/111/22 1113/111/22
f 1086/110/22 1139/112/22 1087/112/22
f 1113/111/22 1166/113/22 1114/113/22
f 1087/112/22 1140/114/22 1088/114/22
f 1114/113/22 1167/115/22 1115/115/22
f 1088/114/22 1141/116/22 1089/116/22
f 1115/115/22 1168/115/22 1116/115/22
f 1089/116/22 1142/117/22 1090/117/22
f 1066/91/22 1122/118/22 1065/135/22
f 1116/115/42 1169/120/42 1117/120/42
f 1090/117/22 1143/121/22 1091/121/22
f 1117/120/22 1170/122/22 1118/122/22
f 1091/121/22 1144/123/22 1092/123/22
f 1228/125/22 1234/124/22 1237/124/22
f 1092/123/22 1145/126/22 1093/126/22
f 1119/127/22 1172/128/22 1120/128/22
f 1093/126/22 1146/129/22 1094/129/22
f 1120/128/22 1173/130/22 1121/130/22
f 1094/129/22 1147/131/22 1095/131/22
f 1121/130/22 1123/119/22 1066/91/22
f 1095/131/22 1148/132/22 1096/132/22
f 1096/132/22 1149/133/22 1097/133/22
f 1097/133/22 1150/134/22 1098/134/22
f 1065/135/22 1124/136/22 1072/136/22
f 1098/134/22 1151/137/22 1099/137/22
f 1072/136/22 1125/138/22 1073/138/22
f 1099/137/22 1152/139/22 1100/139/22
f 1236/140/22 1074/141/22 1239/140/22
f 1100/139/22 1153/142/22 1101/142/22
f 1227/143/22 1075/145/22 1230/143/22
f 1101/142/22 1154/144/22 1102/144/22
f 1075/145/22 1128/146/22 1076/146/22
f 1102/144/22 1155/147/22 1103/147/22
f 1076/146/22 1129/92/22 1077/92/22
f 1103/147/22 1156/94/22 1104/94/22
s 1
f 1130/93/316 1183/96/316 1131/96/316
f 1209/95/53 1158/97/53 1157/95/53
f 1183/96/317 1132/98/317 1131/96/317
f 1210/97/318 1159/99/318 1158/97/318
f 1132/98/319 1185/100/319 1133/100/319
f 1159/99/320 1212/101/320 1160/101/320
f 1133/100/58 1186/102/58 1134/102/58
f 1160/101/321 1213/103/321 1161/103/321
f 1186/102/322 1135/104/322 1134/102/322
f 1161/103/323 1214/105/323 1162/105/323
f 1187/104/324 1136/106/324 1135/104/324
f 1162/105/325 1215/107/325 1163/107/326
f 1136/106/327 1189/108/327 1137/108/327
f 1215/107/328 1164/109/328 1163/107/328
f 1189/108/67 1138/110/67 1137/108/67
f 1216/109/329 1165/111/329 1164/109/329
f 1138/110/330 1191/112/331 1139/112/331
f 1217/111/332 1166/113/333 1165/111/332
f 1191/112/331 1140/114/334 1139/112/331
f 1166/113/335 1219/115/335 1167/115/335
f 1140/114/75 1193/116/75 1141/116/75
s 0
f 1167/115/22 1220/115/22 1168/115/22
s 1
f 1193/116/336 1142/117/336 1141/116/336
f 1168/115/77 1221/120/77 1169/120/77
f 1194/117/337 1143/121/337 1142/117/337
f 1169/120/338 1222/122/338 1170/122/339
f 1195/121/82 1144/123/81 1143/121/82
f 1222/122/340 1226/127/340 1228/125/340
f 1144/123/81 1197/126/84 1145/126/84
f 1233/127/341 1224/128/341 1172/128/341
f 1145/126/342 1198/129/342 1146/129/342
f 1172/128/343 1225/130/343 1173/130/343
f 1146/129/344 1199/131/344 1147/131/344
f 1225/130/345 1123/119/345 1173/130/345
f 1147/131/346 1200/132/346 1148/132/346
f 1200/132/91 1149/133/91 1148/132/91
f 1149/133/347 1202/134/347 1150/134/347
f 1202/134/348 1151/137/348 1150/134/348
f 1124/136/349 1177/138/349 1125/138/349
f 1151/137/350 1204/139/350 1152/139/350
f 1125/138/351 1235/150/352 1236/140/352
f 1152/139/99 1205/142/99 1153/142/99
f 1126/141/353 1231/141/353 1227/143/353
f 1153/142/101 1206/144/101 1154/144/101
f 1179/145/354 1128/146/354 1127/145/354
f 1154/144/355 1207/147/355 1155/147/355
f 1128/146/356 1181/92/356 1129/92/356
f 1155/147/357 1208/94/357 1156/94/357
f 1181/92/106 1130/93/106 1129/92/106
f 1229/151/358 1178/141/351 1231/141/351
f 1233/127/340 1228/125/340 1226/127/340
f 1178/141/353 1127/145/353 1227/143/353
f 1233/127/340 1171/127/359 1234/124/360
f 1229/151/358 1126/141/351 1236/140/352
f 1226/127/341 1238/149/341 1233/127/341
f 1424/154/112 1297/152/361 1434/152/361
f 1410/157/265 1283/155/265 1432/155/114
f 1423/160/362 1552/159/363 1368/158/364
s 0
f 1511/222/42 1244/220/42 1374/220/42
f 1510/217/22 1270/215/22 1375/215/22
f 1509/161/22 1258/162/22 1377/162/22
f 1508/226/22 1245/224/22 1378/224/22
f 1507/205/22 1240/191/22 1371/191/22
f 1506/163/22 1259/164/22 1379/164/22
f 1505/165/22 1246/166/22 1380/166/22
f 1504/167/22 1260/168/22 1381/168/22
f 1503/169/22 1247/170/22 1382/170/22
f 1502/171/22 1269/172/22 1376/172/22
f 1501/173/22 1261/174/22 1384/174/22
f 1500/175/22 1248/176/22 1385/176/22
f 1499/177/22 1262/178/22 1386/178/22
f 1498/179/22 1249/180/22 1387/180/22
f 1497/181/22 1263/182/22 1388/182/22
f 1496/183/22 1250/184/22 1389/184/22
f 1495/185/22 1264/186/22 1390/186/22
f 1494/187/22 1251/188/22 1391/188/22
f 1493/160/22 1265/158/22 1392/158/22
f 1492/157/22 1252/155/22 1393/155/22
f 1491/154/22 1266/152/22 1394/152/22
f 1490/189/22 1253/190/22 1395/190/22
f 1371/191/22 1240/191/22 1337/192/22
f 1489/193/22 1267/194/22 1396/194/22
f 1488/195/22 1254/196/22 1397/196/22
f 1303/197/22 1242/198/22 1031/198/22
f 1487/199/22 1268/200/22 1383/200/22
f 1486/201/22 1255/202/22 1370/202/22
f 1304/214/42 1372/204/42 1033/204/42
s 1
f 1485/203/365 1274/204/366 1400/214/366
f 1526/256/278 1533/244/278 1278/170/367
f 1569/245/278 1545/223/278 1564/255/278
f 1411/189/120 1540/208/251 1435/190/120
f 1436/191/122 1271/191/122 1398/209/122
f 1425/193/123 1298/194/123 1437/194/123
f 1412/195/125 1285/196/125 1438/196/125
f 1338/197/368 1273/198/369 1242/198/369
f 1426/199/370 1555/212/371 1439/200/130
f 1413/201/134 1542/213/134 1440/202/134
f 1339/214/135 1441/204/135 1243/204/135
f 1427/217/136 1525/216/372 1442/215/136
f 1414/84/373 1287/85/374 1444/85/375
f 1477/205/376 1271/191/377 1436/191/377
f 1476/205/378 1428/205/378 1271/191/379
f 1415/82/380 1288/83/381 1445/83/380
f 1402/222/148 1275/220/149 1446/220/149
f 1416/161/382 1545/223/218 1447/162/382
f 1403/226/383 1276/224/214 1448/224/384
f 1430/171/385 1300/172/154 1443/172/154
f 1417/163/386 1290/164/387 1449/164/388
f 1404/165/389 1520/229/390 1450/166/391
f 1418/167/392 1547/230/393 1451/168/394
f 1405/169/395 1521/231/396 1452/170/395
f 1419/173/397 1548/232/200 1453/174/397
f 1406/175/398 1279/176/171 1454/176/171
f 1420/177/399 1549/207/174 1455/178/175
f 1407/179/400 1280/180/401 1456/180/401
f 1421/181/402 1550/235/402 1457/182/402
f 1408/183/181 1524/236/182 1458/184/180
f 1422/185/403 1295/186/260 1431/186/404
f 1409/187/405 1538/238/405 1433/188/406
f 1281/184/187 1409/187/405 1459/187/405
f 1458/184/405 1348/187/405 1250/184/405
f 1459/187/405 1251/188/406 1348/187/405
f 1294/241/407 1571/240/408 1460/185/403
f 1263/182/409 1460/185/403 1361/185/403
f 1361/185/403 1431/186/404 1264/186/410
f 1280/180/401 1408/183/181 1461/183/181
f 1249/180/193 1461/183/181 1347/183/181
f 1461/183/181 1250/184/181 1347/183/181
f 1293/178/402 1421/181/402 1462/181/402
f 1455/178/402 1360/181/402 1262/178/411
f 1360/181/402 1457/182/402 1263/182/402
f 1279/176/412 1407/179/400 1463/179/413
f 1454/176/414 1346/179/413 1248/176/414
f 1346/179/413 1456/180/401 1249/180/193
f 1292/174/415 1420/177/399 1464/177/416
f 1261/174/416 1464/177/416 1359/177/416
f 1464/177/416 1262/178/175 1359/177/416
f 1278/170/171 1532/246/417 1465/175/171
f 1247/170/398 1465/175/171 1345/175/171
f 1345/175/171 1454/176/171 1248/176/398
f 1291/168/418 1568/247/419 1466/173/169
f 1451/168/169 1358/173/169 1260/168/420
f 1466/173/169 1261/174/169 1358/173/169
f 1277/166/395 1405/169/395 1467/169/395
f 1246/166/395 1467/169/395 1344/169/395
f 1467/169/395 1247/170/395 1344/169/395
f 1290/164/421 1418/167/392 1468/167/392
f 1449/164/394 1357/167/392 1259/164/394
f 1468/167/392 1260/168/394 1357/167/392
f 1276/224/422 1404/165/389 1469/165/422
f 1245/224/389 1469/165/422 1343/165/423
f 1343/165/423 1450/166/391 1246/166/391
f 1289/162/424 1417/163/386 1470/163/424
f 1258/162/425 1470/163/424 1356/163/426
f 1470/163/424 1259/164/427 1356/163/426
f 1299/200/428 1430/171/385 1471/171/154
f 1439/200/429 1369/171/154 1268/200/385
f 1471/171/154 1269/172/385 1369/171/154
f 1275/220/214 1403/226/383 1472/226/430
f 1446/220/214 1342/226/430 1244/220/214
f 1472/226/430 1245/224/214 1342/226/430
f 1288/83/431 1416/161/382 1473/161/432
f 1257/83/433 1473/161/432 1355/161/432
f 1473/161/432 1258/162/433 1355/161/432
f 1271/191/434 1402/222/435 1474/222/436
f 1240/191/148 1474/222/148 1341/222/148
f 1474/222/148 1244/220/149 1341/222/148
f 1287/85/381 1564/255/437 1475/82/438
f 1256/85/439 1475/82/438 1354/82/440
f 1354/82/440 1445/83/380 1257/83/380
f 1301/215/441 1428/205/442 1476/205/443
f 1442/215/443 1367/205/441 1270/215/442
f 1476/205/443 1240/191/444 1367/205/441
f 1274/204/445 1477/205/446 1441/204/447
f 1441/204/447 1340/205/448 1243/204/449
f 1477/205/446 1240/191/450 1340/205/448
f 1286/202/451 1563/257/452 1478/84/451
f 1440/202/373 1353/84/453 1255/202/373
f 1353/84/453 1444/85/375 1256/85/374
f 1300/172/454 1427/217/454 1479/217/244
f 1443/172/244 1366/217/243 1269/172/244
f 1366/217/243 1442/215/136 1270/215/136
f 1339/214/135 1400/214/135 1441/204/135
f 1400/214/135 1274/204/135 1441/204/135
f 1242/198/135 1400/214/135 1339/214/135
f 1285/196/134 1413/201/134 1480/201/134
f 1438/196/134 1352/201/455 1254/196/134
f 1352/201/455 1440/202/134 1255/202/134
f 1298/194/370 1575/259/456 1481/199/370
f 1267/194/130 1481/199/370 1365/199/370
f 1365/199/370 1439/200/130 1268/200/130
f 1241/260/457 1399/197/458 1338/197/368
f 1284/190/125 1412/195/125 1482/195/125
f 1253/190/125 1482/195/125 1351/195/125
f 1482/195/125 1254/196/125 1351/195/125
f 1297/152/123 1574/263/124 1483/193/123
f 1434/152/123 1364/193/123 1266/152/123
f 1364/193/123 1437/194/123 1267/194/123
f 1436/191/250 1398/209/250 1337/192/250
f 1240/191/250 1436/191/250 1337/192/250
f 1337/192/250 1272/261/250 1241/260/250
f 1283/155/120 1411/189/120 1484/189/120
f 1432/155/120 1350/189/120 1252/155/120
f 1350/189/120 1435/190/120 1253/190/120
f 1398/209/459 1401/205/460 1485/203/365
f 1272/261/461 1485/203/365 1399/197/462
f 1399/197/366 1400/214/366 1273/198/366
s 0
f 1304/214/42 1339/214/42 1372/204/42
f 1339/214/42 1243/204/42 1372/204/42
f 1031/198/42 1339/214/42 1304/214/42
f 1397/196/22 1352/201/22 1486/201/22
f 1044/196/22 1486/201/22 1317/201/22
f 1317/201/22 1370/202/22 1045/202/22
f 1396/194/22 1365/199/22 1487/199/22
f 1057/194/22 1487/199/22 1330/199/22
f 1330/199/22 1383/200/22 1058/200/22
s 1
f 1030/261/257 1338/197/368 1303/197/22
s 0
f 1395/190/22 1351/195/22 1488/195/22
f 1043/190/22 1488/195/22 1316/195/22
f 1316/195/22 1397/196/22 1044/196/22
f 1394/152/22 1364/193/22 1489/193/22
f 1056/152/22 1489/193/22 1329/193/22
f 1329/193/22 1396/194/22 1057/194/22
s 1
f 1371/191/250 1337/192/250 1302/209/250
s 0
f 1032/191/22 1371/191/22 1302/209/22
s 1
f 1337/192/250 1030/261/250 1302/209/250
s 0
f 1393/155/22 1350/189/22 1490/189/22
f 1042/155/22 1490/189/22 1315/189/22
f 1315/189/22 1395/190/22 1043/190/22
f 1392/158/22 1363/154/22 1491/154/22
f 1055/158/22 1491/154/22 1328/154/22
f 1328/154/22 1394/152/22 1056/152/22
f 1391/188/22 1349/157/22 1492/157/22
f 1041/188/22 1492/157/22 1314/157/22
f 1314/157/22 1393/155/22 1042/155/22
f 1390/186/22 1362/160/22 1493/160/22
f 1054/186/22 1493/160/22 1327/160/22
f 1327/160/22 1392/158/22 1055/158/22
f 1389/184/22 1348/187/22 1494/187/22
f 1040/184/22 1494/187/22 1313/187/22
f 1313/187/22 1391/188/22 1041/188/22
f 1388/182/22 1361/185/22 1495/185/22
f 1053/182/22 1495/185/22 1326/185/22
f 1326/185/22 1390/186/22 1054/186/22
f 1387/180/22 1347/183/22 1496/183/22
f 1039/180/22 1496/183/22 1312/183/22
f 1312/183/22 1389/184/22 1040/184/22
f 1386/178/22 1360/181/22 1497/181/22
f 1052/178/22 1497/181/22 1325/181/22
f 1325/181/22 1388/182/22 1053/182/22
f 1385/176/22 1346/179/22 1498/179/22
f 1038/176/22 1498/179/22 1311/179/22
f 1311/179/22 1387/180/22 1039/180/22
f 1384/174/22 1359/177/22 1499/177/22
f 1051/174/22 1499/177/22 1324/177/22
f 1324/177/22 1386/178/22 1052/178/22
f 1382/170/22 1345/175/22 1500/175/22
f 1037/170/22 1500/175/22 1310/175/22
f 1310/175/22 1385/176/22 1038/176/22
f 1381/168/22 1358/173/22 1501/173/22
f 1050/168/22 1501/173/22 1323/173/22
f 1323/173/22 1384/174/22 1051/174/22
f 1383/200/22 1369/171/22 1502/171/22
f 1058/200/22 1502/171/22 1336/171/22
f 1336/171/22 1376/172/22 1060/172/22
f 1380/166/22 1344/169/22 1503/169/22
f 1036/166/22 1503/169/22 1309/169/22
f 1309/169/22 1382/170/22 1037/170/22
f 1379/164/22 1357/167/22 1504/167/22
f 1049/164/22 1504/167/22 1322/167/22
f 1322/167/22 1381/168/22 1050/168/22
f 1378/224/22 1343/165/22 1505/165/22
f 1035/224/22 1505/165/22 1308/165/22
f 1308/165/22 1380/166/22 1036/166/22
f 1377/162/22 1356/163/22 1506/163/22
f 1048/162/22 1506/163/22 1321/163/22
f 1321/163/22 1379/164/22 1049/164/22
f 1375/215/22 1367/205/22 1507/205/22
s 1
f 1061/281/7 1507/205/22 1334/205/22
s 0
f 1334/205/22 1371/191/22 1032/191/22
f 1374/220/22 1342/226/22 1508/226/22
f 1034/220/22 1508/226/22 1307/226/22
f 1307/226/22 1378/224/22 1035/224/22
f 1373/83/22 1355/161/22 1509/161/22
f 1047/83/22 1509/161/22 1320/161/22
f 1320/161/22 1377/162/22 1048/162/22
f 1376/172/22 1366/217/22 1510/217/22
s 1
f 1060/172/463 1510/217/287 1333/282/287
f 1333/282/28 1375/215/28 1061/281/7
s 0
f 1371/191/42 1341/222/42 1511/222/42
f 1032/191/42 1511/222/42 1306/222/42
f 1306/222/42 1374/220/42 1034/220/42
s 1
f 1295/186/260 1423/160/362 1512/160/362
f 1431/186/404 1362/160/362 1264/186/410
f 1512/160/362 1265/158/464 1362/160/362
f 1282/188/264 1559/266/465 1513/157/114
f 1433/188/406 1349/157/265 1251/188/406
f 1513/157/114 1252/155/114 1349/157/265
f 1296/158/267 1573/267/466 1514/154/466
f 1265/158/464 1514/154/466 1363/154/466
f 1514/154/466 1266/152/361 1363/154/466
s 0
f 1370/202/22 1353/84/22 1515/84/22
f 1045/202/22 1515/84/22 1318/84/22
f 1318/84/22 1335/85/22 1046/85/22
f 1372/204/22 1340/205/22 1516/205/22
f 1033/204/22 1516/205/22 1305/205/22
f 1305/205/22 1371/191/22 1032/191/22
f 1335/85/22 1354/82/22 1517/82/22
f 1046/85/22 1517/82/22 1319/82/22
f 1319/82/22 1373/83/22 1047/83/22
s 1
f 1589/1/467 1580/2/467 1588/1/467
f 1585/1/468 1584/3/469 1589/1/470
f 1658/4/301 1589/1/470 1584/3/469
f 1710/9/28 1696/268/28 1742/5/300
f 1704/10/300 1710/9/28 1707/8/471
f 1701/269/472 1594/270/291 1705/39/300
f 1658/4/301 1584/3/469 1590/14/473
f 1584/3/469 1659/15/474 1590/14/473
f 1582/19/28 1689/17/28 1688/271/28
f 1586/20/28 1699/21/475 1657/22/28
f 1657/22/28 1747/23/28 1586/20/28
f 1747/23/28 1657/22/28 1746/24/28
f 1657/22/28 1656/26/28 1745/25/28
f 1656/26/28 1744/27/28 1745/25/28
f 1744/27/28 1656/26/28 1655/28/28
s 0
f 1654/29/22 1698/29/22 1655/28/22
s 1
f 1745/25/28 1746/24/28 1657/22/28
f 1743/31/28 1651/30/28 1652/32/28
f 1742/5/300 1650/33/28 1743/31/28
f 1643/35/28 1642/272/28 1689/17/28
f 1623/273/28 1625/274/28 1647/275/28
f 1705/39/300 1596/41/303 1711/40/28
f 1596/41/303 1597/42/28 1711/40/28
f 1597/42/28 1712/44/476 1598/43/28
f 1712/44/476 1599/45/477 1598/43/28
f 1661/48/28 1602/276/28 1601/46/28
f 1713/50/28 1715/49/28 1662/277/28
f 1716/52/28 1603/51/28 1663/47/28
s 0
f 1665/53/22 1664/53/22 1605/54/22
f 1667/55/22 1666/55/22 1607/56/22
f 1668/57/22 1669/57/22 1610/58/22
s 1
f 1610/58/28 1670/60/28 1611/59/28
f 1611/59/7 1670/60/7 1717/61/7
f 1670/60/28 1718/63/300 1671/62/28
f 1671/62/28 1718/63/28 1615/64/31
f 1720/66/478 1672/278/479 1612/279/28
f 1678/68/28 1634/70/28 1679/69/28
f 1679/69/28 1634/70/28 1635/71/28
f 1634/70/28 1678/68/28 1633/72/476
f 1635/71/28 1680/73/28 1679/69/28
f 1681/75/28 1731/74/28 1680/73/28
f 1681/75/28 1682/77/30 1637/76/476
f 1682/77/30 1683/78/304 1637/76/476
f 1683/78/304 1638/79/28 1637/76/476
f 1638/79/28 1683/78/304 1684/80/30
f 1680/73/28 1636/81/28 1681/75/28
f 6/1/22 8/1/22 4/1/2
f 5/3/3 6/1/22 4/1/2
f 10/1/4 120/21/19 79/4/5
f 121/13/480 79/4/481 120/21/482
f 120/21/482 78/22/483 77/26/484
f 77/26/484 76/28/11 75/29/11
f 74/283/485 73/32/7 164/31/7
f 77/26/484 75/29/11 74/283/485
f 127/284/486 121/13/480 120/21/482
f 129/285/487 128/8/488 127/284/486
f 129/285/487 127/284/486 120/21/482
f 120/21/482 77/26/484 74/283/485
f 74/283/485 164/31/7 163/5/6
f 163/5/6 118/286/33 70/287/33
f 163/5/6 70/287/33 116/288/489
f 120/21/482 74/283/485 163/5/6
f 129/285/487 120/21/482 163/5/6
f 163/5/6 116/288/489 117/268/489
f 117/268/489 115/289/490 69/6/7
f 69/6/7 126/39/7 131/9/7
f 130/7/7 129/285/487 163/5/6
f 69/6/7 131/9/7 130/7/7
f 163/5/6 117/268/489 69/6/7
f 122/269/491 121/13/272 127/284/10
f 128/8/8 129/285/492 130/7/493
f 122/269/491 127/284/10 128/8/8
f 125/10/9 124/290/494 123/291/495
f 123/291/495 122/269/491 128/8/8
f 128/8/8 130/7/493 131/9/7
f 131/9/7 126/39/7 125/10/9
f 125/10/9 123/291/495 128/8/8
f 122/269/492 123/291/496 124/290/7
f 124/290/7 125/10/497 126/39/498
f 126/39/498 17/41/498 16/292/7
f 126/39/498 16/292/7 15/270/499
f 122/269/492 124/290/7 126/39/498
f 11/14/500 79/4/501 121/13/12
f 121/13/12 122/269/492 126/39/498
f 121/13/12 126/39/498 15/270/499
f 12/12/11 11/14/500 121/13/12
f 14/11/10 13/293/502 12/12/11
f 121/13/12 15/270/499 14/11/10
f 5/3/14 11/14/503 80/15/15
f 3/19/7 2/294/7 157/295/7
f 157/295/7 156/296/7 155/297/7
f 154/298/7 153/299/7 104/78/7
f 154/298/7 104/78/7 105/80/7
f 159/18/7 158/300/7 3/19/7
f 115/289/7 117/268/7 162/301/25
f 114/302/25 115/289/7 162/301/25
f 155/297/7 154/298/7 105/80/7
f 155/297/7 105/80/7 106/303/7
f 114/302/25 162/301/25 161/304/7
f 113/305/7 114/302/25 161/304/7
f 155/297/7 106/303/7 107/306/504
f 157/295/7 155/297/7 107/306/504
f 113/305/7 161/304/7 160/307/7
f 112/34/7 113/305/7 160/307/7
f 157/295/7 107/306/504 108/308/7
f 157/295/7 108/308/7 109/271/7
f 112/34/7 160/307/7 159/18/7
f 111/309/7 112/34/7 159/18/7
f 3/19/7 157/295/7 109/271/7
f 110/17/17 111/309/7 159/18/7
f 3/19/7 109/271/7 110/17/17
f 7/20/18 78/22/20 120/21/19
s 0
f 119/29/22 74/283/22 75/29/22
s 1
f 72/30/7 71/33/7 164/31/7
f 71/33/7 118/286/23 163/5/23
f 69/6/7 115/289/7 114/302/25
f 112/34/7 111/309/7 110/17/17
f 110/17/17 109/271/7 108/308/7
f 108/308/7 107/306/504 106/303/7
f 106/303/7 105/80/7 59/79/7
f 106/303/7 59/79/7 60/310/7
f 68/275/7 69/6/7 114/302/25
f 67/311/7 68/275/7 114/302/25
f 106/303/7 60/310/7 61/312/7
f 108/308/7 106/303/7 61/312/7
f 67/311/7 114/302/25 113/305/7
f 66/313/7 67/311/7 113/305/7
f 108/308/7 61/312/7 62/314/7
f 108/308/7 62/314/7 63/272/21
f 66/313/7 113/305/7 112/34/7
f 65/36/24 66/313/7 112/34/7
f 110/17/17 108/308/7 63/272/21
f 64/35/7 65/36/24 112/34/7
f 110/17/17 63/272/21 64/35/7
f 69/6/7 68/275/7 67/311/7
f 67/311/7 66/313/7 65/36/24
f 65/36/24 64/35/7 63/272/21
f 63/272/21 62/314/7 61/312/7
f 61/312/7 60/310/7 59/79/7
f 59/79/7 58/76/7 152/74/7
f 152/74/7 101/73/7 100/69/23
f 99/68/23 54/72/34 98/315/505
f 152/74/7 100/69/23 99/68/23
f 61/312/7 59/79/7 152/74/7
f 65/36/24 63/272/21 61/312/7
f 69/6/7 67/311/7 65/36/24
f 132/40/7 126/39/7 69/6/7
f 19/43/7 18/42/7 132/40/7
f 21/316/7 20/45/7 19/43/7
f 24/51/7 23/276/7 22/46/7
f 25/317/7 24/51/7 22/46/7
f 85/53/7 26/54/7 25/317/7
f 28/56/7 27/318/7 85/53/7
f 29/319/506 87/55/7 28/56/7
f 30/320/7 29/319/506 28/56/7
f 28/56/7 85/53/7 25/317/7
f 28/56/7 25/317/7 22/46/7
f 30/320/7 28/56/7 22/46/7
f 30/320/7 22/46/7 21/316/7
f 32/59/7 31/58/7 89/57/7
f 89/57/7 30/320/7 21/316/7
f 19/43/7 132/40/7 69/6/7
f 89/57/7 21/316/7 19/43/7
f 34/321/7 33/279/7 32/59/7
f 32/59/7 89/57/7 19/43/7
f 19/43/7 69/6/7 65/36/24
f 65/36/24 61/312/7 152/74/7
f 99/68/23 98/315/505 97/322/7
f 65/36/24 152/74/7 99/68/23
f 32/59/7 19/43/7 65/36/24
f 36/64/7 35/323/507 34/321/7
f 34/321/7 32/59/7 65/36/24
f 65/36/24 99/68/23 97/322/7
f 53/324/27 52/325/508 51/326/7
f 65/36/24 97/322/7 53/324/27
f 36/64/7 34/321/7 65/36/24
f 38/327/27 37/328/27 36/64/7
f 39/329/7 38/327/27 36/64/7
f 65/36/24 53/324/27 51/326/7
f 51/326/7 50/330/509 49/331/7
f 48/332/7 47/333/27 46/274/7
f 65/36/24 51/326/7 49/331/7
f 48/332/7 46/274/7 45/334/7
f 65/36/24 49/331/7 48/332/7
f 39/329/7 36/64/7 65/36/24
f 40/335/510 39/329/7 65/36/24
f 65/36/24 48/332/7 45/334/7
f 65/36/24 45/334/7 44/273/7
f 41/336/7 40/335/510 65/36/24
f 42/38/25 41/336/7 65/36/24
f 65/36/24 44/273/7 43/37/7
f 82/48/7 20/45/7 21/316/7
f 23/276/7 24/51/7 84/47/7
f 84/47/7 83/277/7 82/48/7
f 82/48/7 21/316/7 22/46/7
f 22/46/7 23/276/7 84/47/7
f 83/277/7 84/47/7 136/49/7
f 136/49/7 135/337/7 134/50/7
f 134/50/7 133/44/7 20/45/7
f 82/48/7 83/277/7 136/49/7
f 134/50/7 20/45/7 82/48/7
f 24/51/7 25/317/7 137/52/7
s 0
f 85/53/22 27/318/22 86/53/22
f 87/55/22 29/319/22 88/55/22
s 1
f 138/61/7 32/59/7 33/279/7
f 33/279/7 93/278/7 92/62/7
f 33/279/7 92/62/7 91/60/7
f 138/61/7 33/279/7 91/60/7
f 138/61/28 91/60/28 31/58/28
f 89/57/300 138/61/28 31/58/28
f 92/62/7 93/278/305 94/65/30
f 96/338/28 146/339/28 147/340/300
f 147/340/300 148/341/476 149/342/476
f 34/321/28 33/279/28 139/63/7
f 35/323/476 34/321/28 139/63/7
f 36/64/30 35/323/476 139/63/7
f 39/329/511 38/327/512 37/328/28
f 40/335/28 39/329/511 37/328/28
f 42/38/476 41/336/513 40/335/28
f 49/331/300 48/332/476 47/333/300
f 52/325/28 51/326/28 50/330/28
f 50/330/28 49/331/300 47/333/300
f 97/322/28 53/324/28 52/325/28
f 151/343/28 97/322/28 52/325/28
f 43/37/305 42/38/476 40/335/28
f 151/343/28 52/325/28 50/330/28
f 150/344/28 151/343/28 50/330/28
f 149/342/476 150/344/28 50/330/28
f 149/342/476 50/330/28 47/333/300
f 147/340/300 149/342/476 47/333/300
f 147/340/300 47/333/300 46/274/300
f 147/340/300 46/274/300 45/334/28
f 96/338/28 147/340/300 45/334/28
f 145/345/28 96/338/28 45/334/28
f 145/345/28 45/334/28 44/273/28
f 144/346/514 145/345/28 44/273/28
f 144/346/514 44/273/28 43/37/305
f 169/347/303 144/346/514 43/37/305
f 169/347/303 43/37/305 40/335/28
f 169/347/303 40/335/28 37/328/28
f 143/348/515 169/347/303 37/328/28
f 95/349/28 143/348/515 37/328/28
f 95/349/28 37/328/28 36/64/30
f 94/65/30 95/349/28 36/64/30
f 92/62/7 94/65/30 36/64/30
f 140/67/32 139/63/7 33/279/7
f 140/67/32 33/279/7 93/278/516
f 95/349/29 142/350/29 141/66/31
f 140/67/32 93/278/516 94/65/31
f 94/65/31 95/349/29 141/66/31
f 152/74/7 58/76/7 102/75/7
f 57/81/7 56/71/7 101/73/7
s 0
f 624/82/22 488/83/22 388/83/22
f 623/84/22 458/85/22 387/85/22
s 1
f 432/197/517 170/261/118 197/86/35
f 197/86/35 198/351/518 858/352/519
f 858/352/519 856/353/520 857/87/36
f 857/87/36 199/354/521 200/135/522
f 200/135/522 201/91/40 205/88/37
f 205/88/37 206/355/523 171/198/524
f 171/198/524 432/197/517 197/86/35
f 197/86/35 858/352/519 857/87/36
f 857/87/36 200/135/522 205/88/37
f 205/88/37 171/198/524 197/86/35
f 201/91/40 202/356/525 203/280/526
f 203/280/526 860/357/527 1752/89/38
f 1752/89/38 859/358/528 204/90/39
f 204/90/39 205/88/37 201/91/40
f 201/91/40 203/280/526 1752/89/38
s 0
f 212/92/22 213/93/22 265/93/22
s 1
f 291/94/41 292/95/41 344/95/41
s 0
f 239/94/22 240/95/22 292/95/22
f 213/93/22 214/96/22 266/96/22
f 240/95/22 241/97/22 293/97/22
f 214/96/22 215/98/22 267/98/22
f 241/97/22 242/99/22 294/99/22
f 215/98/22 216/100/22 268/100/22
f 242/99/22 243/101/22 295/101/22
f 216/100/42 217/102/42 269/102/42
f 243/101/22 244/103/22 296/103/22
f 217/102/22 218/104/22 270/104/22
f 244/103/22 245/105/22 297/105/22
f 218/104/22 219/106/22 271/106/22
f 245/105/22 246/107/22 298/107/22
f 219/106/22 220/108/22 272/108/22
f 246/107/22 247/109/22 299/109/22
f 220/108/22 221/110/22 273/110/22
f 247/109/22 248/111/22 300/111/22
f 221/110/22 222/112/22 274/112/22
f 248/111/22 249/113/22 301/113/22
f 222/112/22 223/114/22 275/114/22
f 249/113/22 250/115/22 302/115/22
f 223/114/22 224/116/22 276/116/22
f 250/115/22 251/115/22 303/115/22
f 224/116/22 225/117/22 277/117/22
f 201/91/22 200/135/22 257/118/22
f 251/115/42 252/120/42 304/120/42
f 225/117/22 226/121/22 278/121/22
f 252/120/22 253/122/22 305/122/22
f 226/121/22 227/123/22 279/123/22
s 1
f 305/122/529 253/122/530 367/125/531
f 372/124/43 254/127/529 306/127/532
f 363/125/45 305/122/529 367/125/531
f 372/124/43 306/127/532 369/124/44
f 363/125/45 367/125/531 372/124/43
s 0
f 227/123/22 228/126/22 280/126/22
f 254/127/22 255/128/22 307/128/22
f 228/126/22 229/129/22 281/129/22
f 255/128/22 256/130/22 308/130/22
f 229/129/22 230/131/22 282/131/22
f 256/130/22 201/91/22 258/119/22
f 230/131/22 231/132/22 283/132/22
f 231/132/22 232/133/22 284/133/22
f 232/133/22 233/134/22 285/134/22
f 200/135/22 207/136/22 259/136/22
f 233/134/22 234/137/22 286/137/22
f 207/136/22 208/138/22 260/138/22
f 234/137/22 235/139/22 287/139/22
s 1
f 260/138/22 208/138/533 374/140/46
f 374/140/46 209/141/529 261/141/47
f 371/140/48 260/138/22 374/140/46
s 0
f 235/139/22 236/142/22 288/142/22
s 1
f 210/145/529 262/145/534 362/143/51
f 362/143/51 261/141/22 209/141/49
f 365/143/50 210/145/529 362/143/51
s 0
f 236/142/22 237/144/22 289/144/22
f 210/145/22 211/146/22 263/146/22
f 237/144/22 238/147/22 290/147/22
f 211/146/22 212/92/22 264/92/22
f 238/147/22 239/94/22 291/94/22
s 1
f 265/93/52 266/96/52 318/96/52
f 293/97/53 345/97/53 344/95/53
f 267/98/54 319/148/54 318/96/54
f 294/99/55 346/99/55 345/97/55
f 268/100/56 320/100/56 319/148/56
f 294/99/57 295/101/57 347/101/57
f 269/102/58 321/102/58 320/100/58
f 296/103/59 348/103/59 347/101/59
f 269/102/60 270/104/60 322/104/60
f 296/103/62 297/105/62 349/105/62
f 270/104/63 271/106/63 323/106/63
f 297/105/64 298/107/535 350/107/64
f 272/108/65 324/108/65 323/106/65
f 299/109/66 351/109/66 350/107/66
f 272/108/67 273/110/67 325/110/67
f 300/111/68 352/111/68 351/109/68
f 274/112/69 326/112/69 325/110/70
f 301/113/71 353/113/71 352/111/72
f 275/114/73 327/114/73 326/112/69
f 301/113/74 302/115/74 354/115/74
f 276/116/75 328/116/75 327/114/75
s 0
f 302/115/22 303/115/22 355/115/22
s 1
f 277/117/76 329/117/76 328/116/76
f 303/115/77 304/120/77 356/120/77
f 277/117/78 278/121/78 330/121/78
f 304/120/79 305/122/79 357/122/80
f 279/123/81 331/123/81 330/121/82
f 357/122/83 305/122/83 363/125/83
f 363/125/83 361/127/108 358/127/83
f 279/123/81 280/126/84 332/126/84
f 368/127/85 306/127/85 307/128/85
f 307/128/85 359/128/85 373/149/85
f 280/126/86 281/129/86 333/129/86
f 308/130/87 360/130/87 359/128/87
f 281/129/88 282/131/88 334/131/88
f 258/119/89 310/119/89 360/130/89
f 282/131/90 283/132/90 335/132/90
f 284/133/91 336/133/91 335/132/91
f 284/133/92 285/134/92 337/134/92
f 285/134/94 286/137/94 338/137/94
f 260/138/95 312/138/95 311/136/95
f 287/139/96 339/139/96 338/137/96
f 260/138/97 371/140/97 370/150/98
f 287/139/99 288/142/99 340/142/99
f 288/142/101 289/144/101 341/144/101
f 262/145/102 263/146/102 315/146/102
f 289/144/103 290/147/103 342/147/103
f 263/146/104 264/92/104 316/92/104
f 290/147/105 291/94/105 343/94/105
f 265/93/106 317/93/106 316/92/106
f 363/125/83 369/124/109 368/127/83
f 313/141/100 366/141/100 362/143/100
f 362/143/100 262/145/100 314/145/100
f 364/151/107 370/150/98 371/140/97
f 371/140/97 261/141/98 366/141/97
f 373/149/85 358/127/85 361/127/85
f 536/154/111 622/154/266 546/152/111
f 546/152/111 427/152/111 660/153/112
f 522/157/113 621/157/113 544/155/113
f 544/155/113 413/155/265 646/156/114
f 535/160/117 620/160/259 485/158/115
f 485/158/115 426/158/267 659/159/116
s 0
f 619/161/22 490/162/22 389/162/22
f 618/163/22 491/164/22 390/164/22
f 617/165/22 492/166/22 377/166/22
f 616/167/22 493/168/22 391/168/22
f 615/169/22 494/170/22 378/170/22
f 614/171/22 489/172/22 400/172/22
f 613/173/22 496/174/22 392/174/22
f 612/175/22 497/176/22 379/176/22
f 611/177/22 498/178/22 393/178/22
f 610/179/22 499/180/22 380/180/22
f 609/181/22 500/182/22 394/182/22
f 608/183/22 501/184/22 381/184/22
f 607/185/22 502/186/22 395/186/22
f 606/187/22 503/188/22 382/188/22
f 605/160/22 504/158/22 396/158/22
f 604/157/22 505/155/22 383/155/22
f 603/154/22 506/152/22 397/152/22
f 602/189/22 507/190/22 384/190/22
f 601/193/22 508/194/22 398/194/22
f 600/195/22 509/196/22 385/196/22
f 432/197/22 171/198/22 376/198/22
f 599/199/22 495/200/22 399/200/22
f 598/201/22 487/202/22 386/202/22
s 1
f 597/203/118 512/214/118 404/204/118
f 643/359/119 401/191/119 635/360/119
f 514/222/119 625/221/536 405/220/537
f 643/359/119 635/360/119 514/222/119
f 633/256/119 540/205/538 643/359/119
f 632/216/119 431/215/119 633/256/119
f 642/206/119 539/217/537 632/216/119
f 663/361/119 430/172/539 642/206/119
f 541/362/540 685/363/541 634/364/542
f 634/364/542 663/361/119 642/206/119
f 642/206/119 632/216/119 633/256/119
f 633/256/119 643/359/119 514/222/119
f 514/222/119 405/220/537 636/253/119
f 636/253/119 515/226/543 626/225/544
f 626/225/544 406/224/545 637/250/546
f 516/165/547 627/229/548 407/166/549
f 626/225/544 637/250/546 516/165/547
f 514/222/119 636/253/119 626/225/544
f 642/206/119 633/256/119 514/222/119
f 541/362/540 634/364/542 642/206/119
f 644/365/550 683/366/551 541/362/540
f 411/184/119 686/367/552 644/365/550
f 631/236/119 411/184/119 644/365/550
f 644/365/550 541/362/540 642/206/119
f 642/206/119 514/222/119 626/225/544
f 626/225/544 516/165/547 407/166/549
f 407/166/549 638/248/553 517/169/119
f 517/169/119 628/231/554 408/170/119
f 408/170/119 639/246/555 518/175/556
f 518/175/556 629/233/557 409/176/119
f 640/244/537 519/179/558 630/234/559
f 518/175/556 409/176/119 640/244/537
f 408/170/119 518/175/556 640/244/537
f 640/244/537 630/234/559 410/180/119
f 410/180/119 641/242/560 520/183/119
f 520/183/119 631/236/119 644/365/550
f 642/206/119 626/225/544 407/166/549
f 642/206/119 407/166/549 517/169/119
f 520/183/119 644/365/550 642/206/119
f 408/170/119 640/244/537 410/180/119
f 410/180/119 520/183/119 642/206/119
f 642/206/119 517/169/119 408/170/119
f 412/188/549 666/266/561 522/157/562
f 412/188/549 522/157/562 646/156/549
f 521/187/563 645/238/564 412/188/549
f 686/367/552 411/184/119 665/239/119
f 665/239/119 521/187/563 412/188/549
f 686/367/552 665/239/119 412/188/549
f 683/366/551 644/365/550 686/367/552
f 685/363/541 541/362/540 683/366/551
f 663/361/119 634/364/542 685/363/541
f 664/227/119 430/172/539 663/361/119
f 429/200/119 684/252/565 542/171/119
f 542/171/119 664/227/119 663/361/119
f 685/363/541 683/366/551 686/367/552
f 542/171/119 663/361/119 685/363/541
f 538/199/119 662/212/566 429/200/119
f 429/200/119 542/171/119 685/363/541
f 685/363/541 686/367/552 412/188/549
f 685/363/541 412/188/549 646/156/549
f 538/199/119 429/200/119 685/363/541
f 428/194/119 682/259/567 538/199/119
f 537/193/568 661/210/569 428/194/119
f 660/153/119 427/152/119 681/263/119
f 681/263/119 537/193/568 428/194/119
f 428/194/119 538/199/119 685/363/541
f 685/363/541 646/156/549 413/155/119
f 685/363/541 413/155/119 667/264/119
f 681/263/119 428/194/119 685/363/541
f 536/154/570 660/153/119 681/263/119
f 426/158/571 680/267/572 536/154/570
f 535/160/573 659/159/574 426/158/571
f 425/186/571 679/265/575 535/160/573
f 534/185/576 658/237/577 425/186/571
f 657/235/571 424/241/578 678/240/579
f 678/240/579 534/185/576 425/186/571
f 425/186/571 535/160/573 426/158/571
f 426/158/571 536/154/570 681/263/119
f 681/263/119 685/363/541 667/264/119
f 523/189/119 647/208/580 414/190/119
f 681/263/119 667/264/119 523/189/119
f 425/186/571 426/158/571 681/263/119
f 657/235/571 678/240/579 425/186/571
f 677/243/529 533/181/28 657/235/571
f 423/178/119 677/243/529 657/235/571
f 657/235/571 425/186/571 681/263/119
f 681/263/119 523/189/119 414/190/119
f 681/263/119 414/190/119 668/262/119
f 423/178/119 657/235/571 681/263/119
f 676/245/581 532/177/582 656/207/119
f 423/178/119 681/263/119 668/262/119
f 422/174/119 676/245/581 656/207/119
f 656/207/119 423/178/119 668/262/119
f 524/195/119 648/211/583 415/196/119
f 656/207/119 668/262/119 524/195/119
f 655/232/119 422/174/119 656/207/119
f 675/247/571 531/173/584 655/232/119
f 654/230/585 421/168/586 675/247/571
f 530/167/296 654/230/585 675/247/571
f 675/247/571 655/232/119 656/207/119
f 656/207/119 524/195/119 415/196/119
f 656/207/119 415/196/119 669/258/119
f 530/167/296 675/247/571 656/207/119
f 653/228/119 420/164/537 674/249/571
f 674/249/571 530/167/296 656/207/119
f 656/207/119 669/258/119 525/201/119
f 525/201/119 649/213/22 416/202/119
f 416/202/119 670/257/587 526/84/119
f 650/218/571 417/85/588 671/255/571
f 525/201/119 416/202/119 526/84/119
f 526/84/119 650/218/571 671/255/571
f 671/255/571 527/82/589 651/219/571
f 651/219/571 418/83/579 672/254/590
f 672/254/590 528/161/591 652/223/592
f 419/162/119 673/251/593 529/163/594
f 651/219/571 672/254/590 652/223/592
f 419/162/119 529/163/594 653/228/119
f 651/219/571 652/223/592 419/162/119
f 526/84/119 671/255/571 651/219/571
f 656/207/119 525/201/119 526/84/119
f 653/228/119 674/249/571 656/207/119
f 526/84/119 651/219/571 419/162/119
f 419/162/119 653/228/119 656/207/119
f 523/189/120 596/189/120 547/190/120
f 547/190/120 414/190/120 647/208/121
f 537/193/123 595/193/123 549/194/123
f 549/194/123 428/194/123 661/210/124
f 524/195/125 594/195/125 550/196/125
f 550/196/125 415/196/125 648/211/126
f 376/198/127 403/198/127 511/197/128
f 538/199/132 593/199/132 551/200/130
f 551/200/130 429/200/130 662/212/131
f 525/201/134 592/201/134 552/202/133
f 552/202/133 416/202/134 649/213/134
f 539/217/136 591/217/245 554/215/136
f 554/215/136 431/215/136 632/216/137
f 526/84/140 590/84/138 556/85/138
f 556/85/138 417/85/139 650/218/139
f 589/205/141 548/191/142 401/191/142
f 548/191/144 401/191/144 643/359/595
f 548/191/144 643/359/595 540/205/143
f 527/82/147 587/82/221 557/83/145
f 557/83/145 418/83/596 651/219/146
f 514/222/148 586/222/148 558/220/148
f 558/220/148 405/220/148 625/221/149
f 528/161/150 585/161/216 559/162/150
f 559/162/150 419/162/597 652/223/151
f 515/226/153 584/226/153 560/224/152
f 560/224/152 406/224/153 626/225/152
f 542/171/156 583/171/212 555/172/154
f 555/172/154 430/172/154 664/227/155
f 529/163/159 582/163/159 561/164/157
f 561/164/157 420/164/209 653/228/158
f 516/165/162 581/165/162 562/166/160
f 562/166/160 407/166/598 627/229/161
f 530/167/165 580/167/165 563/168/163
f 563/168/163 421/168/163 654/230/164
f 517/169/166 579/169/166 564/170/166
f 564/170/166 408/170/166 628/231/167
f 531/173/170 578/173/200 565/174/168
f 565/174/168 422/174/168 655/232/169
f 518/175/173 577/175/171 566/176/171
f 566/176/171 409/176/171 629/233/172
f 532/177/174 576/177/197 567/178/174
f 567/178/174 423/178/197 656/207/175
f 519/179/178 575/179/178 568/180/176
f 568/180/176 410/180/176 630/234/177
f 533/181/179 574/181/179 569/182/179
f 569/182/179 424/241/599 657/235/179
f 520/183/182 573/183/182 570/184/180
f 570/184/180 411/184/180 631/236/181
f 534/185/184 572/185/184 543/186/183
f 543/186/183 425/186/260 658/237/184
f 521/187/186 571/187/186 545/188/185
f 545/188/185 412/188/264 645/238/186
f 411/184/187 570/184/186 571/187/186
f 571/187/186 521/187/186 665/239/186
f 467/187/186 571/187/186 570/184/186
f 382/188/185 545/188/185 571/187/186
f 424/241/189 569/182/190 572/185/184
f 572/185/184 534/185/184 678/240/188
f 394/182/184 480/185/191 572/185/184
f 480/185/191 395/186/261 543/186/183
f 410/180/176 568/180/176 573/183/182
f 573/183/182 520/183/182 641/242/192
f 380/180/193 466/183/182 573/183/182
f 381/184/182 570/184/180 573/183/182
f 423/178/179 567/178/179 574/181/179
f 574/181/179 533/181/179 677/243/179
f 479/181/179 574/181/179 567/178/179
f 479/181/179 394/182/179 569/182/179
f 409/176/196 566/176/178 575/179/178
f 575/179/178 519/179/178 640/244/195
f 465/179/178 575/179/178 566/176/178
f 465/179/178 380/180/193 568/180/176
f 422/174/199 565/174/174 576/177/197
f 576/177/197 532/177/174 676/245/198
f 392/174/197 478/177/197 576/177/197
f 393/178/174 567/178/174 576/177/197
f 408/170/171 564/170/173 577/175/171
f 577/175/171 518/175/173 639/246/172
f 378/170/173 464/175/171 577/175/171
f 464/175/171 379/176/173 566/176/171
f 421/168/202 563/168/203 578/173/200
f 578/173/200 531/173/170 675/247/201
f 477/173/200 578/173/200 563/168/203
f 392/174/200 565/174/168 578/173/200
f 407/166/166 562/166/166 579/169/166
f 579/169/166 517/169/166 638/248/204
f 377/166/166 463/169/166 579/169/166
f 378/170/166 564/170/166 579/169/166
f 420/164/206 561/164/163 580/167/165
f 580/167/165 530/167/165 674/249/205
f 476/167/165 580/167/165 561/164/163
f 391/168/163 563/168/163 580/167/165
f 406/224/207 560/224/162 581/165/162
f 581/165/162 516/165/162 637/250/160
f 1245/224/160 462/165/160 581/165/162
f 462/165/160 377/166/600 562/166/160
f 419/162/209 559/162/159 582/163/159
f 582/163/159 529/163/159 673/251/208
f 475/163/210 582/163/159 559/162/159
f 475/163/210 390/164/601 561/164/157
f 429/200/156 551/200/156 583/171/212
f 583/171/212 542/171/156 684/252/213
f 486/171/154 583/171/212 551/200/156
f 400/172/212 555/172/154 583/171/212
f 405/220/215 558/220/215 584/226/153
f 584/226/153 515/226/153 636/253/214
f 1342/226/153 584/226/153 558/220/215
f 1245/224/152 560/224/152 584/226/153
f 418/83/218 557/83/216 585/161/216
f 585/161/216 528/161/150 672/254/217
f 474/161/216 585/161/216 557/83/216
f 389/162/219 559/162/150 585/161/216
f 401/191/220 548/191/220 586/222/148
f 514/222/148 635/360/602 401/191/220
f 1240/191/148 1341/222/148 586/222/148
f 1244/220/149 558/220/148 586/222/148
f 417/85/223 556/85/147 587/82/221
f 587/82/221 527/82/147 671/255/222
f 473/82/224 587/82/221 556/85/147
f 473/82/224 388/83/603 557/83/145
f 431/215/227 554/215/227 588/205/225
f 588/205/225 540/205/143 633/256/226
f 1367/205/228 588/205/225 554/215/227
f 1240/191/230 548/191/230 588/205/225
f 553/204/231 589/205/236 513/205/232
f 1340/205/233 589/205/236 553/204/231
f 1240/191/235 548/191/235 589/205/236
f 416/202/238 552/202/140 590/84/138
f 590/84/138 526/84/140 670/257/237
f 386/202/140 472/84/239 590/84/138
f 472/84/239 387/85/374 556/85/138
f 430/172/242 555/172/244 591/217/240
f 591/217/240 539/217/604 642/206/241
f 1366/217/243 591/217/245 555/172/244
f 1366/217/243 1270/215/136 554/215/136
f 376/198/135 1339/214/135 512/214/135
f 415/196/134 550/196/134 592/201/134
f 592/201/134 525/201/134 669/258/133
f 471/201/134 592/201/134 550/196/134
f 386/202/133 552/202/133 592/201/134
f 428/194/132 549/194/130 593/199/132
f 593/199/132 538/199/132 682/259/246
f 398/194/130 484/199/132 593/199/132
f 484/199/132 399/200/130 551/200/130
f 375/260/247 461/197/129 511/197/128
f 414/190/125 547/190/125 594/195/125
f 594/195/125 524/195/125 668/262/125
f 384/190/125 470/195/125 594/195/125
f 385/196/125 550/196/125 594/195/125
f 427/152/123 546/152/123 595/193/123
f 595/193/123 537/193/123 681/263/249
f 483/193/123 595/193/123 546/152/123
f 483/193/123 398/194/123 549/194/123
f 460/192/250 375/260/250 402/261/250
f 413/155/120 544/155/120 596/189/120
f 596/189/120 523/189/120 667/264/251
f 469/189/120 596/189/120 544/155/120
f 469/189/120 384/190/120 547/190/120
f 510/209/252 597/203/256 513/205/253
f 402/261/255 511/197/605 597/203/256
f 511/197/118 403/198/118 512/214/118
s 0
f 171/198/42 1304/214/42 1339/214/42
f 509/196/22 598/201/22 471/201/22
f 180/196/22 442/201/22 598/201/22
f 442/201/22 181/202/22 487/202/22
f 508/194/22 599/199/22 484/199/22
f 193/194/22 455/199/22 599/199/22
f 455/199/22 194/200/22 495/200/22
s 1
f 170/261/257 432/197/22 461/197/129
s 0
f 507/190/22 600/195/22 470/195/22
f 179/190/22 441/195/22 600/195/22
f 441/195/22 180/196/22 509/196/22
f 506/152/22 601/193/22 483/193/22
f 192/152/22 454/193/22 601/193/22
f 454/193/22 193/194/22 508/194/22
s 1
f 170/261/250 375/260/250 460/192/250
s 0
f 505/155/22 602/189/22 469/189/22
f 178/155/22 440/189/22 602/189/22
f 440/189/22 179/190/22 507/190/22
f 504/158/22 603/154/22 482/154/22
f 191/158/22 453/154/22 603/154/22
f 453/154/22 192/152/22 506/152/22
f 503/188/22 604/157/22 468/157/22
f 177/188/22 439/157/22 604/157/22
f 439/157/22 178/155/22 505/155/22
f 502/186/22 605/160/22 481/160/22
f 190/186/22 452/160/22 605/160/22
f 452/160/22 191/158/22 504/158/22
f 501/184/22 606/187/22 467/187/22
f 176/184/22 438/187/22 606/187/22
f 438/187/22 177/188/22 503/188/22
f 500/182/22 607/185/22 480/185/22
f 189/182/22 451/185/22 607/185/22
f 451/185/22 190/186/22 502/186/22
f 499/180/22 608/183/22 466/183/22
f 175/180/22 437/183/22 608/183/22
f 437/183/22 176/184/22 501/184/22
f 498/178/22 609/181/22 479/181/22
f 188/178/22 450/181/22 609/181/22
f 450/181/22 189/182/22 500/182/22
f 497/176/22 610/179/22 465/179/22
f 174/176/22 436/179/22 610/179/22
f 436/179/22 175/180/22 499/180/22
f 496/174/22 611/177/22 478/177/22
f 187/174/22 449/177/22 611/177/22
f 449/177/22 188/178/22 498/178/22
f 494/170/22 612/175/22 464/175/22
f 173/170/22 435/175/22 612/175/22
f 435/175/22 174/176/22 497/176/22
f 493/168/22 613/173/22 477/173/22
f 186/168/22 448/173/22 613/173/22
f 448/173/22 187/174/22 496/174/22
f 495/200/22 614/171/22 486/171/22
f 194/200/22 459/171/22 614/171/22
f 459/171/22 196/172/22 489/172/22
f 492/166/22 615/169/22 463/169/22
f 172/166/22 434/169/22 615/169/22
f 434/169/22 173/170/22 494/170/22
f 491/164/22 616/167/22 476/167/22
f 185/164/22 447/167/22 616/167/22
f 447/167/22 186/168/22 493/168/22
f 1378/224/22 617/165/22 462/165/22
f 1035/224/22 433/165/22 617/165/22
f 433/165/22 172/166/22 492/166/22
f 490/162/22 618/163/22 475/163/22
f 184/162/22 446/163/22 618/163/22
f 446/163/22 185/164/22 491/164/22
f 488/83/22 619/161/22 474/161/22
f 183/83/22 445/161/22 619/161/22
f 445/161/22 184/162/22 490/162/22
f 489/172/22 1510/217/22 1366/217/22
s 1
f 196/172/258 1333/282/5 1510/217/5
f 425/186/260 543/186/183 620/160/259
f 620/160/259 535/160/117 679/265/116
f 481/160/259 620/160/259 543/186/183
f 396/158/262 485/158/115 620/160/259
f 412/188/264 545/188/185 621/157/113
f 621/157/113 522/157/113 666/266/263
f 468/157/265 621/157/113 545/188/185
f 383/155/113 544/155/113 621/157/113
f 426/158/267 485/158/115 622/154/266
f 622/154/266 536/154/111 680/267/266
f 396/158/262 482/154/266 622/154/266
f 482/154/266 397/152/111 546/152/111
s 0
f 487/202/22 623/84/22 472/84/22
f 181/202/22 443/84/22 623/84/22
f 443/84/22 182/85/22 458/85/22
f 458/85/22 624/82/22 473/82/22
f 182/85/22 444/82/22 624/82/22
f 444/82/22 183/83/22 488/83/22
s 1
f 692/1/22 694/1/22 690/1/269
f 691/3/271 692/1/22 690/1/269
f 696/1/270 806/21/279 765/4/21
f 807/13/275 765/4/21 806/21/279
f 806/21/279 764/22/27 763/26/25
f 763/26/25 762/28/11 761/29/11
f 760/283/7 759/32/27 850/31/7
f 763/26/25 761/29/11 760/283/7
f 813/284/606 807/13/275 806/21/279
f 815/285/467 814/8/273 813/284/606
f 815/285/467 813/284/606 806/21/279
f 806/21/279 763/26/25 760/283/7
f 760/283/7 850/31/7 849/5/27
f 849/5/27 804/286/33 756/287/33
f 849/5/27 756/287/33 802/288/607
f 806/21/279 760/283/7 849/5/27
f 815/285/467 806/21/279 849/5/27
f 849/5/27 802/288/607 803/268/33
f 803/268/33 801/289/7 755/6/7
f 755/6/7 812/39/7 817/9/7
f 816/7/272 815/285/467 849/5/27
f 755/6/7 817/9/7 816/7/272
f 849/5/27 803/268/33 755/6/7
f 808/269/27 807/13/275 813/284/606
f 814/8/273 815/285/467 816/7/272
f 808/269/27 813/284/606 814/8/273
f 811/10/7 810/290/608 809/291/9
f 809/291/9 808/269/27 814/8/273
f 814/8/273 816/7/272 817/9/7
f 817/9/7 812/39/7 811/10/7
f 811/10/7 809/291/9 814/8/273
f 808/269/27 809/291/9 810/290/608
f 810/290/608 811/10/7 812/39/7
f 812/39/7 703/41/7 702/292/7
f 812/39/7 702/292/7 701/270/7
f 808/269/27 810/290/608 812/39/7
f 697/14/276 765/4/21 807/13/275
f 807/13/275 808/269/27 812/39/7
f 807/13/275 812/39/7 701/270/7
f 698/12/274 697/14/276 807/13/275
f 700/11/10 699/293/609 698/12/274
f 807/13/275 701/270/7 700/11/10
f 691/3/271 697/14/276 766/15/277
f 689/19/7 688/294/7 843/295/7
f 843/295/7 842/296/467 841/297/7
f 840/298/25 839/299/274 790/78/25
f 840/298/25 790/78/25 791/80/31
f 845/18/7 844/300/467 689/19/7
f 801/289/7 803/268/33 848/301/7
f 800/302/7 801/289/7 848/301/7
f 841/297/7 840/298/25 791/80/31
f 841/297/7 791/80/31 792/303/7
f 800/302/7 848/301/7 847/304/27
f 799/305/7 800/302/7 847/304/27
f 841/297/7 792/303/7 793/306/610
f 843/295/7 841/297/7 793/306/610
f 799/305/7 847/304/27 846/307/7
f 798/34/7 799/305/7 846/307/7
f 843/295/7 793/306/610 794/308/7
f 843/295/7 794/308/7 795/271/7
f 798/34/7 846/307/7 845/18/7
f 797/309/7 798/34/7 845/18/7
f 689/19/7 843/295/7 795/271/7
f 796/17/25 797/309/7 845/18/7
f 689/19/7 795/271/7 796/17/25
f 693/20/278 764/22/27 806/21/279
s 0
f 805/29/22 760/283/22 761/29/22
s 1
f 758/30/25 757/33/7 850/31/7
f 757/33/7 804/286/33 849/5/27
f 755/6/7 801/289/7 800/302/7
f 798/34/7 797/309/7 796/17/25
f 796/17/25 795/271/7 794/308/7
f 794/308/7 793/306/610 792/303/7
f 792/303/7 791/80/31 745/79/7
f 792/303/7 745/79/7 746/310/7
f 754/275/7 755/6/7 800/302/7
f 753/311/7 754/275/7 800/302/7
f 792/303/7 746/310/7 747/312/467
f 794/308/7 792/303/7 747/312/467
f 753/311/7 800/302/7 799/305/7
f 752/313/7 753/311/7 799/305/7
f 794/308/7 747/312/467 748/314/7
f 794/308/7 748/314/7 749/272/7
f 752/313/7 799/305/7 798/34/7
f 751/36/23 752/313/7 798/34/7
f 796/17/25 794/308/7 749/272/7
f 750/35/7 751/36/23 798/34/7
f 796/17/25 749/272/7 750/35/7
f 755/6/7 754/275/7 753/311/7
f 753/311/7 752/313/7 751/36/23
f 751/36/23 750/35/7 749/272/7
f 749/272/7 748/314/7 747/312/467
f 747/312/467 746/310/7 745/79/7
f 745/79/7 744/76/25 838/74/7
f 838/74/7 787/73/7 786/69/27
f 785/68/7 740/72/274 784/315/611
f 838/74/7 786/69/27 785/68/7
f 747/312/467 745/79/7 838/74/7
f 751/36/23 749/272/7 747/312/467
f 755/6/7 753/311/7 751/36/23
f 818/40/7 812/39/7 755/6/7
f 705/43/7 704/42/7 818/40/7
f 707/316/7 706/45/7 705/43/7
f 710/51/7 709/276/7 708/46/7
f 711/317/7 710/51/7 708/46/7
f 771/53/612 712/54/7 711/317/7
f 714/56/7 713/318/613 771/53/612
f 715/319/7 773/55/7 714/56/7
f 716/320/7 715/319/7 714/56/7
f 714/56/7 771/53/612 711/317/7
f 714/56/7 711/317/7 708/46/7
f 716/320/7 714/56/7 708/46/7
f 716/320/7 708/46/7 707/316/7
f 718/59/7 717/58/281 775/57/7
f 775/57/7 716/320/7 707/316/7
f 705/43/7 818/40/7 755/6/7
f 775/57/7 707/316/7 705/43/7
f 720/321/7 719/279/27 718/59/7
f 718/59/7 775/57/7 705/43/7
f 705/43/7 755/6/7 751/36/23
f 751/36/23 747/312/467 838/74/7
f 785/68/7 784/315/611 783/322/7
f 751/36/23 838/74/7 785/68/7
f 718/59/7 705/43/7 751/36/23
f 722/64/7 721/323/505 720/321/7
f 720/321/7 718/59/7 751/36/23
f 751/36/23 785/68/7 783/322/7
f 739/324/7 738/325/7 737/326/7
f 751/36/23 783/322/7 739/324/7
f 722/64/7 720/321/7 751/36/23
f 724/327/7 723/328/7 722/64/7
f 725/329/7 724/327/7 722/64/7
f 751/36/23 739/324/7 737/326/7
f 737/326/7 736/330/7 735/331/7
f 734/332/7 733/333/7 732/274/7
f 751/36/23 737/326/7 735/331/7
f 734/332/7 732/274/7 731/334/7
f 751/36/23 735/331/7 734/332/7
f 725/329/7 722/64/7 751/36/23
f 726/335/7 725/329/7 751/36/23
f 751/36/23 734/332/7 731/334/7
f 751/36/23 731/334/7 730/273/7
f 727/336/27 726/335/7 751/36/23
f 728/38/25 727/336/27 751/36/23
f 751/36/23 730/273/7 729/37/7
f 768/48/7 706/45/7 707/316/7
f 709/276/7 710/51/7 770/47/7
f 770/47/7 769/277/27 768/48/7
f 768/48/7 707/316/7 708/46/7
f 708/46/7 709/276/7 770/47/7
f 769/277/27 770/47/7 822/49/7
f 822/49/7 821/337/280 820/50/27
f 820/50/27 819/44/25 706/45/7
f 768/48/7 769/277/27 822/49/7
f 820/50/27 706/45/7 768/48/7
f 710/51/7 711/317/7 823/52/7
s 0
f 771/53/22 713/318/22 772/53/22
f 773/55/22 715/319/22 774/55/22
s 1
f 824/61/7 718/59/7 719/279/27
f 719/279/27 779/278/33 778/62/11
f 719/279/27 778/62/11 777/60/11
f 824/61/7 719/279/27 777/60/11
f 824/61/28 777/60/28 717/58/28
f 775/57/28 824/61/28 717/58/28
f 778/62/7 779/278/614 780/65/30
f 782/338/28 832/339/28 833/340/28
f 833/340/28 834/341/28 835/342/28
f 720/321/476 719/279/476 825/63/282
f 721/323/476 720/321/476 825/63/282
f 722/64/30 721/323/476 825/63/282
f 725/329/615 724/327/616 723/328/28
f 726/335/28 725/329/615 723/328/28
f 728/38/476 727/336/617 726/335/28
f 735/331/28 734/332/28 733/333/28
f 738/325/28 737/326/28 736/330/28
f 736/330/28 735/331/28 733/333/28
f 783/322/28 739/324/28 738/325/28
f 837/343/28 783/322/28 738/325/28
f 729/37/514 728/38/476 726/335/28
f 837/343/28 738/325/28 736/330/28
f 836/344/28 837/343/28 736/330/28
f 835/342/28 836/344/28 736/330/28
f 835/342/28 736/330/28 733/333/28
f 833/340/28 835/342/28 733/333/28
f 833/340/28 733/333/28 732/274/28
f 833/340/28 732/274/28 731/334/28
f 782/338/28 833/340/28 731/334/28
f 831/345/28 782/338/28 731/334/28
f 831/345/28 731/334/28 730/273/28
f 830/346/618 831/345/28 730/273/28
f 830/346/618 730/273/28 729/37/514
f 855/347/476 830/346/618 729/37/514
f 855/347/476 729/37/514 726/335/28
f 855/347/476 726/335/28 723/328/28
f 829/348/28 855/347/476 723/328/28
f 781/368/28 829/348/28 723/328/28
f 781/368/28 723/328/28 722/64/30
f 780/65/30 781/368/28 722/64/30
f 778/62/7 780/65/30 722/64/30
f 826/67/7 825/63/23 719/279/23
f 826/67/7 719/279/23 779/278/7
f 781/368/29 828/350/29 827/66/25
f 826/67/7 779/278/7 780/65/31
f 780/65/31 781/368/29 827/66/25
f 838/74/7 744/76/25 788/75/7
f 743/81/7 742/71/7 787/73/7
f 864/1/22 868/1/22 866/1/284
f 870/1/285 864/1/22 866/1/284
f 939/4/286 980/21/286 870/1/287
f 980/21/619 939/4/620 981/13/621
f 987/284/622 988/8/623 989/285/28
f 980/21/619 981/13/621 987/284/622
f 937/26/624 938/22/625 980/21/619
f 935/29/590 936/28/626 937/26/624
f 1024/31/302 933/32/28 934/283/302
f 934/283/302 935/29/590 937/26/624
f 937/26/624 980/21/619 987/284/622
f 937/26/624 987/284/622 989/285/28
f 1024/31/302 934/283/302 937/26/624
f 930/287/302 978/286/302 1023/5/28
f 1023/5/28 1024/31/302 937/26/624
f 937/26/624 989/285/28 990/7/28
f 991/9/28 986/39/28 929/6/28
f 937/26/624 990/7/28 991/9/28
f 976/288/302 930/287/302 1023/5/28
f 1023/5/28 937/26/624 991/9/28
f 991/9/28 929/6/28 975/289/28
f 977/268/28 976/288/302 1023/5/28
f 991/9/28 975/289/28 977/268/28
f 987/284/288 981/13/303 982/269/627
f 983/291/628 984/290/629 985/10/288
f 987/284/288 982/269/627 983/291/628
f 990/7/630 989/285/631 988/8/289
f 988/8/289 987/284/288 983/291/628
f 985/10/288 986/39/28 991/9/28
f 988/8/289 983/291/628 985/10/288
f 991/9/28 990/7/630 988/8/289
f 981/13/632 939/4/633 871/14/634
f 871/14/634 872/12/635 873/293/636
f 871/14/634 873/293/636 874/11/637
f 982/269/290 981/13/632 871/14/634
f 984/290/300 983/291/636 982/269/290
f 986/39/291 985/10/638 984/290/300
f 876/292/28 877/41/291 986/39/291
f 871/14/634 874/11/637 875/270/291
f 875/270/291 876/292/28 986/39/291
f 986/39/291 984/290/300 982/269/290
f 982/269/290 871/14/634 875/270/291
f 865/3/293 941/16/639 940/15/294
f 1017/295/28 862/294/28 863/19/28
f 863/19/28 1018/300/28 1019/18/28
f 1022/301/28 977/268/476 975/289/476
f 1022/301/28 975/289/476 974/302/28
f 1016/296/28 1017/295/28 863/19/28
f 964/78/28 1013/299/28 1014/298/28
f 965/80/28 964/78/28 1014/298/28
f 1021/304/28 1022/301/28 974/302/28
f 1021/304/28 974/302/28 973/305/28
f 965/80/28 1014/298/28 1015/297/301
f 966/303/28 965/80/28 1015/297/301
f 1020/307/28 1021/304/28 973/305/28
f 1020/307/28 973/305/28 972/34/28
f 966/303/28 1015/297/301 1016/296/28
f 967/306/28 966/303/28 1016/296/28
f 1019/18/28 1020/307/28 972/34/28
f 1019/18/28 972/34/28 971/309/28
f 968/308/28 967/306/28 1016/296/28
f 969/271/28 968/308/28 1016/296/28
f 1019/18/28 971/309/28 970/17/296
f 969/271/28 1016/296/28 863/19/28
f 863/19/28 1019/18/28 970/17/296
f 867/20/297 870/1/640 980/21/298
s 0
f 935/29/22 934/283/22 979/29/22
s 1
f 1024/31/28 931/33/28 932/30/28
f 1023/5/302 978/286/302 931/33/28
f 974/302/28 975/289/476 929/6/28
f 974/302/28 929/6/28 928/275/28
f 970/17/296 971/309/28 972/34/28
f 968/308/28 969/271/28 970/17/296
f 966/303/28 967/306/28 968/308/28
f 919/79/28 965/80/28 966/303/28
f 920/310/28 919/79/28 966/303/28
f 973/305/28 974/302/28 928/275/28
f 973/305/28 928/275/28 927/311/28
f 921/312/28 920/310/28 966/303/28
f 921/312/28 966/303/28 968/308/28
f 972/34/28 973/305/28 927/311/28
f 972/34/28 927/311/28 926/313/28
f 922/314/28 921/312/28 968/308/28
f 923/272/301 922/314/28 968/308/28
f 972/34/28 926/313/28 925/36/641
f 972/34/28 925/36/641 924/35/28
f 923/272/301 968/308/28 970/17/296
f 970/17/296 972/34/28 924/35/28
f 929/6/28 986/39/28 992/40/28
f 992/40/28 878/42/28 879/43/28
f 879/43/28 880/45/28 881/316/28
f 882/46/28 883/276/28 884/51/28
f 882/46/28 884/51/28 885/317/28
f 885/317/28 886/54/28 945/53/642
f 945/53/642 887/318/643 888/56/300
f 888/56/300 947/55/644 889/319/645
f 888/56/300 889/319/645 890/320/28
f 885/317/28 945/53/642 888/56/300
f 882/46/28 885/317/28 888/56/300
f 882/46/28 888/56/300 890/320/28
f 881/316/28 882/46/28 890/320/28
f 949/57/28 891/58/28 892/59/28
f 881/316/28 890/320/28 949/57/28
f 929/6/28 992/40/28 879/43/28
f 879/43/28 881/316/28 949/57/28
f 892/59/28 893/279/646 894/321/28
f 879/43/28 949/57/28 892/59/28
f 928/275/28 929/6/28 879/43/28
f 926/313/28 927/311/28 928/275/28
f 924/35/28 925/36/641 926/313/28
f 922/314/28 923/272/301 924/35/28
f 920/310/28 921/312/28 922/314/28
f 918/76/28 919/79/28 920/310/28
f 960/69/28 961/73/28 1012/74/28
f 1012/74/28 918/76/28 920/310/28
f 920/310/28 922/314/28 924/35/28
f 924/35/28 926/313/28 928/275/28
f 928/275/28 879/43/28 892/59/28
f 894/321/28 895/323/647 896/64/28
f 928/275/28 892/59/28 894/321/28
f 920/310/28 924/35/28 928/275/28
f 960/69/28 1012/74/28 920/310/28
f 958/315/28 914/72/28 959/68/28
f 959/68/28 960/69/28 920/310/28
f 928/275/28 894/321/28 896/64/28
f 896/64/28 897/328/300 898/327/300
f 896/64/28 898/327/300 899/329/28
f 959/68/28 920/310/28 928/275/28
f 957/322/648 958/315/28 959/68/28
f 911/326/28 912/325/28 913/324/28
f 913/324/28 957/322/648 959/68/28
f 928/275/28 896/64/28 899/329/28
f 928/275/28 899/329/28 900/335/300
f 913/324/28 959/68/28 928/275/28
f 909/331/28 910/330/649 911/326/28
f 911/326/28 913/324/28 928/275/28
f 928/275/28 900/335/300 901/336/28
f 928/275/28 901/336/28 902/38/28
f 909/331/28 911/326/28 928/275/28
f 906/274/28 907/333/28 908/332/28
f 908/332/28 909/331/28 928/275/28
f 928/275/28 902/38/28 903/37/28
f 904/273/28 905/334/28 906/274/28
f 928/275/28 903/37/28 904/273/28
f 906/274/28 908/332/28 928/275/28
f 881/316/28 880/45/28 942/48/28
f 942/48/28 943/277/28 944/47/28
f 944/47/28 884/51/28 883/276/28
f 882/46/28 881/316/28 942/48/28
f 942/48/28 944/47/28 883/276/28
f 942/48/28 880/45/28 993/44/28
f 994/50/304 995/337/478 996/49/28
f 942/48/28 993/44/28 994/50/304
f 996/49/28 944/47/28 943/277/28
f 943/277/28 942/48/28 994/50/304
f 997/52/28 885/317/28 884/51/28
s 0
f 946/53/22 887/318/22 945/53/22
f 948/55/22 889/319/22 947/55/22
s 1
f 893/279/646 892/59/28 998/61/28
f 952/62/300 953/278/302 893/279/646
f 951/60/305 952/62/300 893/279/646
f 951/60/305 893/279/646 998/61/28
f 891/58/7 951/60/27 998/61/7
f 891/58/7 998/61/7 949/57/7
f 999/63/306 893/279/25 894/321/25
f 999/63/306 894/321/25 895/323/25
f 954/65/31 953/278/7 952/62/28
f 999/63/306 895/323/25 896/64/31
f 897/328/27 898/327/650 899/329/25
f 899/329/25 900/335/7 901/336/7
f 901/336/7 902/38/31 903/37/11
f 907/333/498 908/332/27 909/331/7
f 910/330/25 911/326/27 912/325/7
f 907/333/498 909/331/7 910/330/25
f 912/325/7 913/324/7 957/322/7
f 912/325/7 957/322/7 1011/343/7
f 899/329/25 901/336/7 903/37/11
f 910/330/25 912/325/7 1011/343/7
f 910/330/25 1011/343/7 1010/344/25
f 910/330/25 1010/344/25 1009/342/497
f 1009/342/497 1008/341/25 1007/340/27
f 1007/340/27 1006/339/7 956/338/7
f 910/330/25 1009/342/497 1007/340/27
f 907/333/498 910/330/25 1007/340/27
f 906/274/27 907/333/498 1007/340/27
f 905/334/7 906/274/27 1007/340/27
f 905/334/7 1007/340/27 956/338/7
f 905/334/7 956/338/7 1005/345/7
f 904/273/7 905/334/7 1005/345/7
f 904/273/7 1005/345/7 1004/346/33
f 903/37/11 904/273/7 1004/346/33
f 903/37/11 1004/346/33 1029/347/25
f 899/329/25 903/37/11 1029/347/25
f 897/328/27 899/329/25 1029/347/25
f 897/328/27 1029/347/25 1003/348/651
f 897/328/27 1003/348/651 955/349/7
f 896/64/31 897/328/27 955/349/7
f 896/64/31 955/349/7 954/65/31
f 896/64/31 954/65/31 952/62/28
f 893/279/308 999/63/308 1000/67/28
f 1001/66/30 1002/350/652 955/349/652
f 1001/66/30 955/349/652 954/65/30
f 893/279/308 1000/67/28 1001/66/30
f 1001/66/30 954/65/30 953/278/307
f 962/75/28 918/76/28 1012/74/28
f 961/73/28 916/71/28 917/81/28
s 0
f 1517/82/22 1354/82/22 1257/83/22
f 1516/205/22 1340/205/22 1240/191/22
f 1515/84/22 1353/84/22 1256/85/22
s 1
f 1031/198/653 1071/355/654 1070/88/309
f 1070/88/309 1066/91/655 1065/135/656
f 1065/135/656 1064/354/657 1750/87/310
f 1750/87/310 1749/353/658 1751/352/659
f 1751/352/659 1063/351/660 1062/86/311
f 1062/86/311 1030/261/661 1303/197/662
f 1303/197/662 1031/198/653 1070/88/309
f 1070/88/309 1065/135/656 1750/87/310
f 1750/87/310 1751/352/659 1062/86/311
f 1062/86/311 1303/197/662 1070/88/309
f 1068/280/314 1067/356/663 1066/91/655
f 1066/91/655 1070/88/309 1069/90/312
f 1069/90/312 1753/358/664 1752/89/313
f 1752/89/313 1754/357/665 1068/280/314
f 1068/280/314 1066/91/655 1069/90/312
s 0
f 1077/92/22 1129/92/22 1130/93/22
s 1
f 1156/94/315 1208/94/315 1209/95/315
s 0
f 1104/94/22 1156/94/22 1157/95/22
f 1078/93/22 1130/93/22 1131/96/22
f 1105/95/22 1157/95/22 1158/97/22
f 1079/96/22 1131/96/22 1132/98/22
f 1106/97/22 1158/97/22 1159/99/22
f 1080/98/22 1132/98/22 1133/100/22
f 1107/99/22 1159/99/22 1160/101/22
f 1081/100/42 1133/100/42 1134/102/42
f 1108/101/22 1160/101/22 1161/103/22
f 1082/102/22 1134/102/22 1135/104/22
f 1109/103/22 1161/103/22 1162/105/22
f 1083/104/22 1135/104/22 1136/106/22
f 1110/105/22 1162/105/22 1163/107/22
f 1084/106/22 1136/106/22 1137/108/22
f 1111/107/22 1163/107/22 1164/109/22
f 1085/108/22 1137/108/22 1138/110/22
f 1112/109/22 1164/109/22 1165/111/22
f 1086/110/22 1138/110/22 1139/112/22
f 1113/111/22 1165/111/22 1166/113/22
f 1087/112/22 1139/112/22 1140/114/22
f 1114/113/22 1166/113/22 1167/115/22
f 1088/114/22 1140/114/22 1141/116/22
f 1115/115/22 1167/115/22 1168/115/22
f 1089/116/22 1141/116/22 1142/117/22
f 1066/91/22 1123/119/22 1122/118/22
f 1116/115/42 1168/115/42 1169/120/42
f 1090/117/22 1142/117/22 1143/121/22
f 1117/120/22 1169/120/22 1170/122/22
f 1091/121/22 1143/121/22 1144/123/22
f 1232/125/22 1118/122/22 1170/122/22
f 1171/127/22 1119/127/22 1237/124/22
f 1232/125/22 1170/122/22 1228/125/22
f 1234/124/22 1171/127/22 1237/124/22
f 1237/124/22 1232/125/22 1228/125/22
f 1092/123/22 1144/123/22 1145/126/22
f 1119/127/22 1171/127/22 1172/128/22
f 1093/126/22 1145/126/22 1146/129/22
f 1120/128/22 1172/128/22 1173/130/22
f 1094/129/22 1146/129/22 1147/131/22
f 1121/130/22 1173/130/22 1123/119/22
f 1095/131/22 1147/131/22 1148/132/22
f 1096/132/22 1148/132/22 1149/133/22
f 1097/133/22 1149/133/22 1150/134/22
f 1065/135/22 1122/118/22 1124/136/22
f 1098/134/22 1150/134/22 1151/137/22
f 1072/136/22 1124/136/22 1125/138/22
f 1099/137/22 1151/137/22 1152/139/22
f 1073/138/22 1125/138/22 1236/140/22
f 1236/140/22 1126/141/22 1074/141/22
f 1239/140/22 1073/138/22 1236/140/22
f 1100/139/22 1152/139/22 1153/142/22
f 1074/141/22 1126/141/22 1227/143/22
f 1227/143/22 1127/145/22 1075/145/22
f 1230/143/22 1074/141/22 1227/143/22
f 1101/142/22 1153/142/22 1154/144/22
f 1075/145/22 1127/145/22 1128/146/22
f 1102/144/22 1154/144/22 1155/147/22
f 1076/146/22 1128/146/22 1129/92/22
f 1103/147/22 1155/147/22 1156/94/22
s 1
f 1130/93/316 1182/93/316 1183/96/316
f 1209/95/53 1210/97/53 1158/97/53
f 1183/96/317 1184/148/317 1132/98/317
f 1210/97/318 1211/99/318 1159/99/318
f 1132/98/319 1184/148/319 1185/100/319
f 1159/99/320 1211/99/320 1212/101/320
f 1133/100/58 1185/100/58 1186/102/58
f 1160/101/321 1212/101/321 1213/103/321
f 1186/102/322 1187/104/666 1135/104/322
f 1161/103/323 1213/103/323 1214/105/323
f 1187/104/324 1188/106/324 1136/106/324
f 1162/105/325 1214/105/325 1215/107/325
f 1136/106/327 1188/106/327 1189/108/327
f 1215/107/328 1216/109/328 1164/109/328
f 1189/108/67 1190/110/67 1138/110/67
f 1216/109/329 1217/111/329 1165/111/329
f 1138/110/330 1190/110/330 1191/112/331
f 1217/111/332 1218/113/333 1166/113/333
f 1191/112/331 1192/114/334 1140/114/334
f 1166/113/335 1218/113/335 1219/115/335
f 1140/114/75 1192/114/75 1193/116/75
s 0
f 1167/115/22 1219/115/22 1220/115/22
s 1
f 1193/116/336 1194/117/336 1142/117/336
f 1168/115/77 1220/115/77 1221/120/77
f 1194/117/337 1195/121/337 1143/121/337
f 1169/120/338 1221/120/338 1222/122/338
f 1195/121/82 1196/123/81 1144/123/81
f 1228/125/340 1170/122/340 1222/122/340
f 1222/122/340 1223/127/340 1226/127/340
f 1144/123/81 1196/123/81 1197/126/84
f 1172/128/341 1171/127/341 1233/127/341
f 1233/127/341 1238/149/341 1224/128/341
f 1145/126/342 1197/126/342 1198/129/342
f 1172/128/343 1224/128/343 1225/130/343
f 1146/129/344 1198/129/344 1199/131/344
f 1225/130/345 1175/119/345 1123/119/345
f 1147/131/346 1199/131/346 1200/132/346
f 1200/132/91 1201/133/91 1149/133/91
f 1149/133/347 1201/133/667 1202/134/347
f 1202/134/348 1203/137/348 1151/137/348
f 1124/136/349 1176/136/349 1177/138/349
f 1151/137/350 1203/137/350 1204/139/350
f 1125/138/351 1177/138/351 1235/150/352
f 1152/139/99 1204/139/99 1205/142/99
f 1153/142/101 1205/142/101 1206/144/101
f 1179/145/354 1180/146/354 1128/146/354
f 1154/144/355 1206/144/355 1207/147/355
f 1128/146/356 1180/146/356 1181/92/356
f 1155/147/357 1207/147/357 1208/94/357
f 1181/92/106 1182/93/106 1130/93/106
f 1233/127/340 1234/124/360 1228/125/340
f 1227/143/353 1231/141/353 1178/141/353
f 1178/141/353 1179/145/353 1127/145/353
f 1236/140/352 1235/150/352 1229/151/358
f 1229/151/358 1231/141/351 1126/141/351
f 1226/127/341 1223/127/341 1238/149/341
f 1434/152/361 1514/154/466 1424/154/112
f 1424/154/112 1553/153/668 1297/152/361
f 1432/155/114 1513/157/114 1410/157/265
f 1410/157/265 1539/156/669 1283/155/265
f 1368/158/364 1512/160/362 1423/160/362
f 1552/159/363 1296/158/267 1368/158/364
s 0
f 1511/222/42 1341/222/42 1244/220/42
f 1510/217/22 1366/217/22 1270/215/22
f 1509/161/22 1355/161/22 1258/162/22
f 1508/226/22 1342/226/22 1245/224/22
f 1507/205/22 1367/205/22 1240/191/22
f 1506/163/22 1356/163/22 1259/164/22
f 1505/165/22 1343/165/22 1246/166/22
f 1504/167/22 1357/167/22 1260/168/22
f 1503/169/22 1344/169/22 1247/170/22
f 1502/171/22 1369/171/22 1269/172/22
f 1501/173/22 1358/173/22 1261/174/22
f 1500/175/22 1345/175/22 1248/176/22
f 1499/177/22 1359/177/22 1262/178/22
f 1498/179/22 1346/179/22 1249/180/22
f 1497/181/22 1360/181/22 1263/182/22
f 1496/183/22 1347/183/22 1250/184/22
f 1495/185/22 1361/185/22 1264/186/22
f 1494/187/22 1348/187/22 1251/188/22
f 1493/160/22 1362/160/22 1265/158/22
f 1492/157/22 1349/157/22 1252/155/22
f 1491/154/22 1363/154/22 1266/152/22
f 1490/189/22 1350/189/22 1253/190/22
f 1489/193/22 1364/193/22 1267/194/22
f 1488/195/22 1351/195/22 1254/196/22
f 1303/197/22 1338/197/22 1242/198/22
f 1487/199/22 1365/199/22 1268/200/22
f 1486/201/22 1352/201/22 1255/202/22
s 1
f 1485/203/365 1401/205/460 1274/204/366
f 1528/360/278 1271/191/278 1536/359/278
f 1536/359/278 1428/205/670 1526/256/278
f 1526/256/278 1301/215/278 1525/216/278
f 1525/216/278 1427/217/278 1535/206/278
f 1535/206/278 1300/172/278 1556/361/278
f 1527/364/671 1578/363/672 1429/362/673
f 1535/206/278 1556/361/278 1527/364/671
f 1526/256/278 1525/216/278 1535/206/278
f 1528/360/278 1536/359/278 1526/256/278
f 1275/220/674 1518/221/674 1402/222/674
f 1402/222/278 1528/360/278 1526/256/278
f 1526/256/278 1535/206/278 1527/364/671
f 1429/362/673 1576/366/675 1537/365/676
f 1526/256/278 1527/364/671 1429/362/673
f 1275/220/677 1402/222/278 1526/256/278
f 1519/225/367 1403/226/678 1529/253/278
f 1529/253/278 1275/220/677 1526/256/278
f 1526/256/278 1429/362/673 1537/365/676
f 1537/365/676 1579/367/679 1281/184/278
f 1537/365/676 1281/184/278 1524/236/278
f 1519/225/367 1529/253/278 1526/256/278
f 1530/250/680 1276/224/681 1519/225/367
f 1277/166/367 1520/229/682 1404/165/278
f 1404/165/278 1530/250/680 1519/225/367
f 1526/256/278 1537/365/676 1524/236/278
f 1408/183/683 1534/242/683 1280/180/683
f 1526/256/278 1524/236/278 1408/183/278
f 1404/165/278 1519/225/367 1526/256/278
f 1405/169/7 1531/248/7 1277/166/7
f 1277/166/367 1404/165/278 1526/256/278
f 1526/256/278 1408/183/278 1280/180/677
f 1280/180/684 1523/234/684 1407/179/684
f 1533/244/278 1279/176/685 1522/233/685
f 1280/180/677 1407/179/686 1533/244/278
f 1405/169/367 1277/166/367 1526/256/278
f 1278/170/367 1521/231/687 1405/169/367
f 1406/175/688 1532/246/689 1278/170/367
f 1533/244/278 1522/233/685 1406/175/688
f 1526/256/278 1280/180/677 1533/244/278
f 1278/170/367 1405/169/367 1526/256/278
f 1533/244/278 1406/175/688 1278/170/367
f 1282/188/367 1538/238/690 1409/187/691
f 1558/239/278 1281/184/278 1579/367/679
f 1282/188/367 1409/187/691 1558/239/278
f 1410/157/692 1559/266/693 1282/188/367
f 1539/156/367 1410/157/692 1282/188/367
f 1282/188/367 1558/239/278 1579/367/679
f 1579/367/679 1537/365/676 1576/366/675
f 1576/366/675 1429/362/673 1578/363/672
f 1578/363/672 1527/364/671 1556/361/278
f 1556/361/278 1300/172/278 1557/227/278
f 1430/171/694 1577/252/694 1299/200/694
f 1556/361/278 1557/227/278 1430/171/278
f 1579/367/679 1576/366/675 1578/363/672
f 1578/363/672 1556/361/278 1430/171/278
f 1299/200/685 1555/212/695 1426/199/685
f 1578/363/672 1430/171/278 1299/200/685
f 1282/188/367 1579/367/679 1578/363/672
f 1539/156/367 1282/188/367 1578/363/672
f 1578/363/672 1299/200/685 1426/199/685
f 1426/199/685 1575/259/696 1298/194/685
f 1298/194/697 1554/210/697 1425/193/697
f 1574/263/278 1297/152/278 1553/153/698
f 1298/194/685 1425/193/699 1574/263/278
f 1578/363/672 1426/199/685 1298/194/685
f 1283/155/278 1539/156/367 1578/363/672
f 1560/264/278 1283/155/278 1578/363/672
f 1578/363/672 1298/194/685 1574/263/278
f 1574/263/278 1553/153/698 1424/154/278
f 1424/154/278 1573/267/22 1296/158/278
f 1296/158/278 1552/159/700 1423/160/701
f 1423/160/702 1572/265/702 1295/186/702
f 1295/186/703 1551/237/703 1422/185/703
f 1571/240/704 1294/241/491 1550/235/685
f 1295/186/705 1422/185/706 1571/240/704
f 1295/186/705 1571/240/704 1550/235/685
f 1550/235/685 1421/181/707 1570/243/708
f 1550/235/685 1570/243/708 1293/178/278
f 1423/160/701 1295/186/705 1550/235/685
f 1574/263/278 1424/154/278 1296/158/278
f 1296/158/278 1423/160/701 1550/235/685
f 1296/158/278 1550/235/685 1293/178/278
f 1578/363/672 1574/263/278 1296/158/278
f 1411/189/278 1560/264/278 1578/363/672
f 1284/190/278 1540/208/709 1411/189/278
f 1284/190/278 1411/189/278 1578/363/672
f 1578/363/672 1296/158/278 1293/178/278
f 1549/207/278 1420/177/710 1569/245/278
f 1578/363/672 1293/178/278 1549/207/278
f 1561/262/278 1284/190/278 1578/363/672
f 1285/196/711 1541/211/711 1412/195/711
f 1412/195/278 1561/262/278 1578/363/672
f 1578/363/672 1549/207/278 1569/245/278
f 1569/245/278 1292/174/17 1548/232/17
f 1548/232/17 1419/173/529 1568/247/712
f 1568/247/712 1291/168/713 1547/230/714
f 1568/247/712 1547/230/714 1418/167/715
f 1569/245/278 1548/232/17 1568/247/712
f 1412/195/278 1578/363/672 1569/245/278
f 1285/196/278 1412/195/278 1569/245/278
f 1569/245/278 1568/247/712 1418/167/715
f 1567/249/716 1290/164/685 1546/228/278
f 1569/245/278 1418/167/715 1567/249/716
f 1562/258/278 1285/196/278 1569/245/278
f 1286/202/278 1542/213/717 1413/201/278
f 1413/201/278 1562/258/278 1569/245/278
f 1569/245/278 1567/249/716 1546/228/278
f 1417/163/718 1566/251/718 1289/162/718
f 1569/245/278 1546/228/278 1417/163/685
f 1286/202/278 1413/201/278 1569/245/278
f 1414/84/685 1563/257/719 1286/202/278
f 1564/255/278 1287/85/17 1543/218/720
f 1414/84/685 1286/202/278 1569/245/278
f 1564/255/278 1543/218/720 1414/84/685
f 1544/219/721 1415/82/722 1564/255/278
f 1565/254/723 1288/83/698 1544/219/721
f 1545/223/278 1416/161/724 1565/254/723
f 1569/245/278 1417/163/685 1289/162/716
f 1545/223/278 1565/254/723 1544/219/721
f 1569/245/278 1289/162/716 1545/223/278
f 1564/255/278 1414/84/685 1569/245/278
f 1545/223/278 1544/219/721 1564/255/278
f 1435/190/120 1484/189/120 1411/189/120
f 1540/208/251 1284/190/120 1435/190/120
f 1437/194/123 1483/193/123 1425/193/123
f 1438/196/125 1482/195/125 1412/195/125
f 1338/197/368 1399/197/458 1273/198/369
f 1439/200/130 1481/199/370 1426/199/370
f 1555/212/371 1299/200/130 1439/200/130
f 1440/202/134 1480/201/134 1413/201/134
f 1542/213/134 1286/202/134 1440/202/134
f 1442/215/136 1479/217/245 1427/217/136
f 1525/216/372 1301/215/136 1442/215/136
f 1444/85/375 1478/84/451 1414/84/373
f 1414/84/373 1543/218/725 1287/85/374
f 1477/205/376 1401/205/376 1271/191/377
f 1428/205/378 1536/359/7 1271/191/379
f 1271/191/379 1436/191/379 1476/205/378
f 1445/83/380 1475/82/438 1415/82/380
f 1415/82/380 1544/219/726 1288/83/381
f 1446/220/149 1474/222/148 1402/222/148
f 1447/162/382 1473/161/432 1416/161/382
f 1545/223/218 1289/162/432 1447/162/382
f 1448/224/384 1472/226/430 1403/226/383
f 1403/226/383 1519/225/727 1276/224/214
f 1443/172/154 1471/171/154 1430/171/385
f 1430/171/385 1557/227/728 1300/172/154
f 1449/164/388 1470/163/424 1417/163/386
f 1417/163/386 1546/228/729 1290/164/387
f 1450/166/391 1469/165/422 1404/165/389
f 1520/229/390 1277/166/422 1450/166/391
f 1451/168/394 1468/167/392 1418/167/392
f 1547/230/393 1291/168/394 1451/168/394
f 1452/170/395 1467/169/395 1405/169/395
f 1521/231/396 1278/170/395 1452/170/395
f 1453/174/397 1466/173/169 1419/173/397
f 1548/232/200 1292/174/397 1453/174/397
f 1454/176/171 1465/175/171 1406/175/398
f 1406/175/398 1522/233/730 1279/176/171
f 1455/178/175 1464/177/416 1420/177/399
f 1549/207/174 1293/178/415 1455/178/175
f 1456/180/401 1463/179/413 1407/179/400
f 1457/182/402 1462/181/402 1421/181/402
f 1550/235/402 1294/241/402 1457/182/402
f 1458/184/180 1461/183/181 1408/183/181
f 1524/236/182 1281/184/180 1458/184/180
f 1431/186/404 1460/185/403 1422/185/403
f 1433/188/406 1459/187/405 1409/187/405
f 1538/238/405 1282/188/264 1433/188/406
f 1459/187/405 1458/184/405 1281/184/187
f 1281/184/187 1558/239/731 1409/187/405
f 1458/184/405 1459/187/405 1348/187/405
f 1459/187/405 1433/188/406 1251/188/406
f 1460/185/403 1457/182/407 1294/241/407
f 1571/240/408 1422/185/403 1460/185/403
f 1263/182/409 1457/182/407 1460/185/403
f 1361/185/403 1460/185/403 1431/186/404
f 1461/183/181 1456/180/401 1280/180/401
f 1249/180/193 1456/180/401 1461/183/181
f 1461/183/181 1458/184/180 1250/184/181
f 1462/181/402 1455/178/402 1293/178/402
f 1293/178/402 1570/243/732 1421/181/402
f 1455/178/402 1462/181/402 1360/181/402
f 1360/181/402 1462/181/402 1457/182/402
f 1463/179/413 1454/176/414 1279/176/412
f 1279/176/412 1533/244/517 1407/179/400
f 1454/176/414 1463/179/413 1346/179/413
f 1346/179/413 1463/179/413 1456/180/401
f 1464/177/416 1453/174/175 1292/174/415
f 1292/174/415 1569/245/733 1420/177/399
f 1261/174/416 1453/174/175 1464/177/416
f 1464/177/416 1455/178/175 1262/178/175
f 1465/175/171 1452/170/398 1278/170/171
f 1532/246/417 1406/175/398 1465/175/171
f 1247/170/398 1452/170/398 1465/175/171
f 1345/175/171 1465/175/171 1454/176/171
f 1466/173/169 1451/168/169 1291/168/418
f 1568/247/419 1419/173/397 1466/173/169
f 1451/168/169 1466/173/169 1358/173/169
f 1466/173/169 1453/174/397 1261/174/169
f 1467/169/395 1450/166/395 1277/166/395
f 1246/166/395 1450/166/395 1467/169/395
f 1467/169/395 1452/170/395 1247/170/395
f 1468/167/392 1449/164/394 1290/164/421
f 1290/164/421 1567/249/734 1418/167/392
f 1449/164/394 1468/167/392 1357/167/392
f 1468/167/392 1451/168/394 1260/168/394
f 1469/165/422 1448/224/422 1276/224/422
f 1276/224/422 1530/250/735 1404/165/389
f 1245/224/389 1448/224/422 1469/165/422
f 1343/165/423 1469/165/422 1450/166/391
f 1470/163/424 1447/162/425 1289/162/424
f 1258/162/425 1447/162/425 1470/163/424
f 1470/163/424 1449/164/388 1259/164/427
f 1471/171/154 1439/200/429 1299/200/428
f 1439/200/429 1471/171/154 1369/171/154
f 1471/171/154 1443/172/154 1269/172/385
f 1472/226/430 1446/220/214 1275/220/214
f 1275/220/214 1529/253/736 1403/226/383
f 1446/220/214 1472/226/430 1342/226/430
f 1472/226/430 1448/224/384 1245/224/214
f 1473/161/432 1445/83/432 1288/83/431
f 1288/83/431 1565/254/737 1416/161/382
f 1257/83/433 1445/83/432 1473/161/432
f 1473/161/432 1447/162/382 1258/162/433
f 1474/222/436 1436/191/434 1271/191/434
f 1271/191/434 1528/360/738 1402/222/435
f 1240/191/148 1436/191/148 1474/222/148
f 1474/222/148 1446/220/149 1244/220/149
f 1475/82/438 1444/85/380 1287/85/381
f 1564/255/437 1415/82/380 1475/82/438
f 1256/85/439 1444/85/380 1475/82/438
f 1354/82/440 1475/82/438 1445/83/380
f 1476/205/443 1442/215/443 1301/215/441
f 1301/215/441 1526/256/739 1428/205/442
f 1442/215/443 1476/205/443 1367/205/441
f 1476/205/443 1436/191/444 1240/191/444
f 1274/204/445 1401/205/445 1477/205/446
f 1441/204/447 1477/205/446 1340/205/448
f 1477/205/446 1436/191/450 1240/191/450
f 1478/84/451 1440/202/373 1286/202/451
f 1563/257/452 1414/84/373 1478/84/451
f 1440/202/373 1478/84/451 1353/84/453
f 1353/84/453 1478/84/451 1444/85/375
f 1479/217/244 1443/172/244 1300/172/454
f 1300/172/454 1535/206/278 1427/217/454
f 1443/172/244 1479/217/245 1366/217/243
f 1366/217/243 1479/217/245 1442/215/136
f 1242/198/135 1273/198/135 1400/214/135
f 1480/201/134 1438/196/134 1285/196/134
f 1285/196/134 1562/258/7 1413/201/134
f 1438/196/134 1480/201/134 1352/201/455
f 1352/201/455 1480/201/134 1440/202/134
f 1481/199/370 1437/194/130 1298/194/370
f 1575/259/456 1426/199/370 1481/199/370
f 1267/194/130 1437/194/130 1481/199/370
f 1365/199/370 1481/199/370 1439/200/130
f 1241/260/457 1272/261/740 1399/197/458
f 1482/195/125 1435/190/125 1284/190/125
f 1284/190/125 1561/262/741 1412/195/125
f 1253/190/125 1435/190/125 1482/195/125
f 1482/195/125 1438/196/125 1254/196/125
f 1483/193/123 1434/152/123 1297/152/123
f 1574/263/124 1425/193/123 1483/193/123
f 1434/152/123 1483/193/123 1364/193/123
f 1364/193/123 1483/193/123 1437/194/123
f 1337/192/250 1398/209/250 1272/261/250
f 1484/189/120 1432/155/120 1283/155/120
f 1283/155/120 1560/264/742 1411/189/120
f 1432/155/120 1484/189/120 1350/189/120
f 1350/189/120 1484/189/120 1435/190/120
f 1398/209/459 1271/191/743 1401/205/460
f 1272/261/461 1398/209/459 1485/203/365
f 1399/197/366 1485/203/365 1400/214/366
s 0
f 1031/198/42 1242/198/42 1339/214/42
f 1397/196/22 1254/196/22 1352/201/22
f 1044/196/22 1397/196/22 1486/201/22
f 1317/201/22 1486/201/22 1370/202/22
f 1396/194/22 1267/194/22 1365/199/22
f 1057/194/22 1396/194/22 1487/199/22
f 1330/199/22 1487/199/22 1383/200/22
s 1
f 1030/261/257 1241/260/457 1338/197/368
s 0
f 1395/190/22 1253/190/22 1351/195/22
f 1043/190/22 1395/190/22 1488/195/22
f 1316/195/22 1488/195/22 1397/196/22
f 1394/152/22 1266/152/22 1364/193/22
f 1056/152/22 1394/152/22 1489/193/22
f 1329/193/22 1489/193/22 1396/194/22
s 1
f 1337/192/250 1241/260/250 1030/261/250
s 0
f 1393/155/22 1252/155/22 1350/189/22
f 1042/155/22 1393/155/22 1490/189/22
f 1315/189/22 1490/189/22 1395/190/22
f 1392/158/22 1265/158/22 1363/154/22
f 1055/158/22 1392/158/22 1491/154/22
f 1328/154/22 1491/154/22 1394/152/22
f 1391/188/22 1251/188/22 1349/157/22
f 1041/188/22 1391/188/22 1492/157/22
f 1314/157/22 1492/157/22 1393/155/22
f 1390/186/22 1264/186/22 1362/160/22
f 1054/186/22 1390/186/22 1493/160/22
f 1327/160/22 1493/160/22 1392/158/22
f 1389/184/22 1250/184/22 1348/187/22
f 1040/184/22 1389/184/22 1494/187/22
f 1313/187/22 1494/187/22 1391/188/22
f 1388/182/22 1263/182/22 1361/185/22
f 1053/182/22 1388/182/22 1495/185/22
f 1326/185/22 1495/185/22 1390/186/22
f 1387/180/22 1249/180/22 1347/183/22
f 1039/180/22 1387/180/22 1496/183/22
f 1312/183/22 1496/183/22 1389/184/22
f 1386/178/22 1262/178/22 1360/181/22
f 1052/178/22 1386/178/22 1497/181/22
f 1325/181/22 1497/181/22 1388/182/22
f 1385/176/22 1248/176/22 1346/179/22
f 1038/176/22 1385/176/22 1498/179/22
f 1311/179/22 1498/179/22 1387/180/22
f 1384/174/22 1261/174/22 1359/177/22
f 1051/174/22 1384/174/22 1499/177/22
f 1324/177/22 1499/177/22 1386/178/22
f 1382/170/22 1247/170/22 1345/175/22
f 1037/170/22 1382/170/22 1500/175/22
f 1310/175/22 1500/175/22 1385/176/22
f 1381/168/22 1260/168/22 1358/173/22
f 1050/168/22 1381/168/22 1501/173/22
f 1323/173/22 1501/173/22 1384/174/22
f 1383/200/22 1268/200/22 1369/171/22
f 1058/200/22 1383/200/22 1502/171/22
f 1336/171/22 1502/171/22 1376/172/22
f 1380/166/22 1246/166/22 1344/169/22
f 1036/166/22 1380/166/22 1503/169/22
f 1309/169/22 1503/169/22 1382/170/22
f 1379/164/22 1259/164/22 1357/167/22
f 1049/164/22 1379/164/22 1504/167/22
f 1322/167/22 1504/167/22 1381/168/22
f 1378/224/22 1245/224/22 1343/165/22
f 1035/224/22 1378/224/22 1505/165/22
f 1308/165/22 1505/165/22 1380/166/22
f 1377/162/22 1258/162/22 1356/163/22
f 1048/162/22 1377/162/22 1506/163/22
f 1321/163/22 1506/163/22 1379/164/22
f 1375/215/22 1270/215/22 1367/205/22
s 1
f 1061/281/7 1375/215/28 1507/205/22
s 0
f 1334/205/22 1507/205/22 1371/191/22
f 1374/220/22 1244/220/22 1342/226/22
f 1034/220/22 1374/220/22 1508/226/22
f 1307/226/22 1508/226/22 1378/224/22
f 1373/83/22 1257/83/22 1355/161/22
f 1047/83/22 1373/83/22 1509/161/22
f 1320/161/22 1509/161/22 1377/162/22
f 1376/172/22 1269/172/22 1366/217/22
s 1
f 1060/172/463 1376/172/22 1510/217/287
f 1333/282/28 1510/217/28 1375/215/28
s 0
f 1371/191/42 1240/191/42 1341/222/42
f 1032/191/42 1371/191/42 1511/222/42
f 1306/222/42 1511/222/42 1374/220/42
s 1
f 1512/160/362 1431/186/404 1295/186/260
f 1431/186/404 1512/160/362 1362/160/362
f 1512/160/362 1368/158/364 1265/158/464
f 1513/157/114 1433/188/406 1282/188/264
f 1559/266/465 1410/157/265 1513/157/114
f 1433/188/406 1513/157/114 1349/157/265
f 1513/157/114 1432/155/114 1252/155/114
f 1514/154/466 1368/158/364 1296/158/267
f 1573/267/466 1424/154/112 1514/154/466
f 1265/158/464 1368/158/364 1514/154/466
f 1514/154/466 1434/152/361 1266/152/361
s 0
f 1370/202/22 1255/202/22 1353/84/22
f 1045/202/22 1370/202/22 1515/84/22
f 1318/84/22 1515/84/22 1335/85/22
f 1372/204/22 1243/204/22 1340/205/22
f 1033/204/22 1372/204/22 1516/205/22
f 1305/205/22 1516/205/22 1371/191/22
f 1335/85/22 1256/85/22 1354/82/22
f 1046/85/22 1335/85/22 1517/82/22
f 1319/82/22 1517/82/22 1373/83/22
s 1
f 1583/1/22 1587/1/22 1585/1/468
f 1589/1/470 1583/1/22 1585/1/468
f 1658/4/301 1699/21/475 1589/1/470
f 1699/21/475 1658/4/301 1700/13/744
f 1706/284/745 1707/8/471 1708/285/291
f 1699/21/475 1700/13/744 1706/284/745
f 1656/26/28 1657/22/28 1699/21/475
f 1654/29/746 1655/28/28 1656/26/28
f 1743/31/28 1652/32/28 1653/283/28
f 1653/283/28 1654/29/746 1656/26/28
f 1656/26/28 1699/21/475 1706/284/745
f 1656/26/28 1706/284/745 1708/285/291
f 1743/31/28 1653/283/28 1656/26/28
f 1649/287/514 1697/286/302 1742/5/300
f 1742/5/300 1743/31/28 1656/26/28
f 1656/26/28 1708/285/291 1709/7/303
f 1710/9/28 1705/39/300 1648/6/28
f 1656/26/28 1709/7/303 1710/9/28
f 1695/288/514 1649/287/514 1742/5/300
f 1742/5/300 1656/26/28 1710/9/28
f 1710/9/28 1648/6/28 1694/289/28
f 1696/268/28 1695/288/514 1742/5/300
f 1710/9/28 1694/289/28 1696/268/28
f 1706/284/745 1700/13/744 1701/269/472
f 1702/291/615 1703/290/28 1704/10/300
f 1706/284/745 1701/269/472 1702/291/615
f 1709/7/303 1708/285/291 1707/8/471
f 1707/8/471 1706/284/745 1702/291/615
f 1704/10/300 1705/39/300 1710/9/28
f 1707/8/471 1702/291/615 1704/10/300
f 1710/9/28 1709/7/303 1707/8/471
f 1700/13/744 1658/4/301 1590/14/473
f 1590/14/473 1591/12/747 1592/293/636
f 1590/14/473 1592/293/636 1593/11/748
f 1701/269/472 1700/13/744 1590/14/473
f 1703/290/28 1702/291/615 1701/269/472
f 1705/39/300 1704/10/300 1703/290/28
f 1595/292/28 1596/41/303 1705/39/300
f 1590/14/473 1593/11/748 1594/270/291
f 1594/270/291 1595/292/28 1705/39/300
f 1705/39/300 1703/290/28 1701/269/472
f 1701/269/472 1590/14/473 1594/270/291
f 1584/3/469 1660/16/300 1659/15/474
f 1736/295/28 1581/294/28 1582/19/28
f 1582/19/28 1737/300/749 1738/18/28
f 1741/301/28 1696/268/28 1694/289/28
f 1741/301/28 1694/289/28 1693/302/28
f 1735/296/28 1736/295/28 1582/19/28
f 1683/78/304 1732/299/514 1733/298/476
f 1684/80/30 1683/78/304 1733/298/476
f 1740/304/300 1741/301/28 1693/302/28
f 1740/304/300 1693/302/28 1692/305/28
f 1684/80/30 1733/298/476 1734/297/28
f 1685/303/28 1684/80/30 1734/297/28
f 1739/307/750 1740/304/300 1692/305/28
f 1739/307/750 1692/305/28 1691/34/28
f 1685/303/28 1734/297/28 1735/296/28
f 1686/306/28 1685/303/28 1735/296/28
f 1738/18/28 1739/307/750 1691/34/28
f 1738/18/28 1691/34/28 1690/309/28
f 1687/308/590 1686/306/28 1735/296/28
f 1688/271/28 1687/308/590 1735/296/28
f 1738/18/28 1690/309/28 1689/17/28
f 1688/271/28 1735/296/28 1582/19/28
f 1582/19/28 1738/18/28 1689/17/28
f 1586/20/28 1589/1/470 1699/21/475
s 0
f 1654/29/22 1653/283/22 1698/29/22
s 1
f 1743/31/28 1650/33/28 1651/30/28
f 1742/5/300 1697/286/302 1650/33/28
f 1693/302/28 1694/289/28 1648/6/28
f 1693/302/28 1648/6/28 1647/275/28
f 1689/17/28 1690/309/28 1691/34/28
f 1687/308/590 1688/271/28 1689/17/28
f 1685/303/28 1686/306/28 1687/308/590
f 1638/79/28 1684/80/30 1685/303/28
f 1639/310/28 1638/79/28 1685/303/28
f 1692/305/28 1693/302/28 1647/275/28
f 1692/305/28 1647/275/28 1646/311/28
f 1640/312/28 1639/310/28 1685/303/28
f 1640/312/28 1685/303/28 1687/308/590
f 1691/34/28 1692/305/28 1646/311/28
f 1691/34/28 1646/311/28 1645/313/28
f 1641/314/28 1640/312/28 1687/308/590
f 1642/272/28 1641/314/28 1687/308/590
f 1691/34/28 1645/313/28 1644/36/641
f 1691/34/28 1644/36/641 1643/35/28
f 1642/272/28 1687/308/590 1689/17/28
f 1689/17/28 1691/34/28 1643/35/28
f 1648/6/28 1705/39/300 1711/40/28
f 1711/40/28 1597/42/28 1598/43/28
f 1598/43/28 1599/45/477 1600/316/28
f 1601/46/28 1602/276/28 1603/51/28
f 1601/46/28 1603/51/28 1604/317/28
f 1604/317/28 1605/54/28 1664/53/300
f 1664/53/300 1606/318/751 1607/56/304
f 1607/56/304 1666/55/752 1608/319/753
f 1607/56/304 1608/319/753 1609/320/28
f 1604/317/28 1664/53/300 1607/56/304
f 1601/46/28 1604/317/28 1607/56/304
f 1601/46/28 1607/56/304 1609/320/28
f 1600/316/28 1601/46/28 1609/320/28
f 1668/57/28 1610/58/28 1611/59/28
f 1600/316/28 1609/320/28 1668/57/28
f 1648/6/28 1711/40/28 1598/43/28
f 1598/43/28 1600/316/28 1668/57/28
f 1611/59/28 1612/279/754 1613/321/28
f 1598/43/28 1668/57/28 1611/59/28
f 1647/275/28 1648/6/28 1598/43/28
f 1645/313/28 1646/311/28 1647/275/28
f 1643/35/28 1644/36/641 1645/313/28
f 1641/314/28 1642/272/28 1643/35/28
f 1639/310/28 1640/312/28 1641/314/28
f 1637/76/476 1638/79/28 1639/310/28
f 1679/69/28 1680/73/28 1731/74/28
f 1731/74/28 1637/76/476 1639/310/28
f 1639/310/28 1641/314/28 1643/35/28
f 1643/35/28 1645/313/28 1647/275/28
f 1647/275/28 1598/43/28 1611/59/28
f 1613/321/28 1614/323/652 1615/64/28
f 1647/275/28 1611/59/28 1613/321/28
f 1639/310/28 1643/35/28 1647/275/28
f 1679/69/28 1731/74/28 1639/310/28
f 1677/315/28 1633/72/476 1678/68/28
f 1678/68/28 1679/69/28 1639/310/28
f 1647/275/28 1613/321/28 1615/64/28
f 1615/64/28 1616/328/28 1617/327/300
f 1615/64/28 1617/327/300 1618/329/28
f 1678/68/28 1639/310/28 1647/275/28
f 1676/322/28 1677/315/28 1678/68/28
f 1630/326/28 1631/325/28 1632/324/28
f 1632/324/28 1676/322/28 1678/68/28
f 1647/275/28 1615/64/28 1618/329/28
f 1647/275/28 1618/329/28 1619/335/28
f 1632/324/28 1678/68/28 1647/275/28
f 1628/331/28 1629/330/755 1630/326/28
f 1630/326/28 1632/324/28 1647/275/28
f 1647/275/28 1619/335/28 1620/336/28
f 1647/275/28 1620/336/28 1621/38/28
f 1628/331/28 1630/326/28 1647/275/28
f 1625/274/28 1626/333/291 1627/332/28
f 1627/332/28 1628/331/28 1647/275/28
f 1647/275/28 1621/38/28 1622/37/28
f 1623/273/28 1624/334/28 1625/274/28
f 1647/275/28 1622/37/28 1623/273/28
f 1625/274/28 1627/332/28 1647/275/28
f 1600/316/28 1599/45/477 1661/48/28
f 1661/48/28 1662/277/28 1663/47/28
f 1663/47/28 1603/51/28 1602/276/28
f 1601/46/28 1600/316/28 1661/48/28
f 1661/48/28 1663/47/28 1602/276/28
f 1661/48/28 1599/45/477 1712/44/476
f 1713/50/28 1714/337/478 1715/49/28
f 1661/48/28 1712/44/476 1713/50/28
f 1715/49/28 1663/47/28 1662/277/28
f 1662/277/28 1661/48/28 1713/50/28
f 1716/52/28 1604/317/28 1603/51/28
s 0
f 1665/53/22 1606/318/22 1664/53/22
f 1667/55/22 1608/319/22 1666/55/22
s 1
f 1612/279/754 1611/59/28 1717/61/28
f 1671/62/28 1672/278/28 1612/279/754
f 1670/60/28 1671/62/28 1612/279/754
f 1670/60/28 1612/279/754 1717/61/28
f 1610/58/7 1670/60/7 1717/61/7
f 1610/58/7 1717/61/7 1668/57/7
f 1718/63/28 1612/279/7 1613/321/7
f 1718/63/28 1613/321/7 1614/323/7
f 1673/65/31 1672/278/756 1671/62/28
f 1718/63/28 1614/323/7 1615/64/31
f 1616/328/7 1617/327/757 1618/329/25
f 1618/329/25 1619/335/25 1620/336/7
f 1620/336/7 1621/38/25 1622/37/11
f 1626/333/498 1627/332/25 1628/331/7
f 1629/330/7 1630/326/11 1631/325/7
f 1626/333/498 1628/331/7 1629/330/7
f 1631/325/7 1632/324/7 1676/322/7
f 1631/325/7 1676/322/7 1730/343/7
f 1618/329/25 1620/336/7 1622/37/11
f 1629/330/7 1631/325/7 1730/343/7
f 1629/330/7 1730/343/7 1729/344/7
f 1629/330/7 1729/344/7 1728/342/497
f 1728/342/497 1727/341/25 1726/340/7
f 1726/340/7 1725/339/31 1675/338/25
f 1629/330/7 1728/342/497 1726/340/7
f 1626/333/498 1629/330/7 1726/340/7
f 1625/274/7 1626/333/498 1726/340/7
f 1624/334/7 1625/274/7 1726/340/7
f 1624/334/7 1726/340/7 1675/338/25
f 1624/334/7 1675/338/25 1724/345/7
f 1623/273/7 1624/334/7 1724/345/7
f 1623/273/7 1724/345/7 1723/346/607
f 1622/37/11 1623/273/7 1723/346/607
f 1622/37/11 1723/346/607 1748/347/31
f 1618/329/25 1622/37/11 1748/347/31
f 1616/328/7 1618/329/25 1748/347/31
f 1616/328/7 1748/347/31 1722/348/758
f 1616/328/7 1722/348/758 1674/368/7
f 1615/64/31 1616/328/7 1674/368/7
f 1615/64/31 1674/368/7 1673/65/31
f 1615/64/31 1673/65/31 1671/62/28
f 1612/279/28 1718/63/28 1719/67/308
f 1720/66/478 1721/350/30 1674/368/30
f 1720/66/478 1674/368/30 1673/65/759
f 1612/279/28 1719/67/308 1720/66/478
f 1720/66/478 1673/65/759 1672/278/479
f 1681/75/28 1637/76/476 1731/74/28
f 1680/73/28 1635/71/28 1636/81/28
l 5 8
l 1 5
l 6 9
l 195 456
l 196 457
l 309 310
l 257 309
l 329 333
l 194 456
l 195 457
l 691 694
l 687 691
l 692 695
l 864 865
l 865 868
l 861 865
l 866 869
l 1059 1331
l 1060 1332
l 1174 1175
l 1122 1174
l 1194 1198
l 1058 1331
l 1059 1332
l 1583 1584
l 1584 1587
l 1580 1584
l 1585 1588
